Id,LotArea,Neighborhood,OverallQual,OverallCond,YearBuilt,BsmtFinSF1,1stFlrSF,GrLivArea,FullBath,HalfBath,TotRmsAbvGrd,GarageCars,PoolArea,SalePrice
1,8450,CollgCr,7,5,2003,706,856,1710,2,1,8,2,0,208500
2,9600,Veenker,6,8,1976,978,1262,1262,2,0,6,2,0,181500
3,11250,CollgCr,7,5,2001,486,920,1786,2,1,6,2,0,223500
4,9550,Crawfor,7,5,1915,216,961,1717,1,0,7,3,0,140000
5,14260,NoRidge,8,5,2000,655,1145,2198,2,1,9,3,0,250000
6,14115,Mitchel,5,5,1993,732,796,1362,1,1,5,2,0,143000
7,10084,Somerst,8,5,2004,1369,1694,1694,2,0,7,2,0,307000
8,10382,NWAmes,7,6,1973,859,1107,2090,2,1,7,2,0,200000
9,6120,OldTown,7,5,1931,0,1022,1774,2,0,8,2,0,129900
10,7420,BrkSide,5,6,1939,851,1077,1077,1,0,5,1,0,118000
11,11200,Sawyer,5,5,1965,906,1040,1040,1,0,5,1,0,129500
12,11924,NridgHt,9,5,2005,998,1182,2324,3,0,11,3,0,345000
13,12968,Sawyer,5,6,1962,737,912,912,1,0,4,1,0,144000
14,10652,CollgCr,7,5,2006,0,1494,1494,2,0,7,3,0,279500
15,10920,NAmes,6,5,1960,733,1253,1253,1,1,5,1,0,157000
16,6120,BrkSide,7,8,1929,0,854,854,1,0,5,2,0,132000
17,11241,NAmes,6,7,1970,578,1004,1004,1,0,5,2,0,149000
18,10791,Sawyer,4,5,1967,0,1296,1296,2,0,6,2,0,90000
19,13695,SawyerW,5,5,2004,646,1114,1114,1,1,6,2,0,159000
20,7560,NAmes,5,6,1958,504,1339,1339,1,0,6,1,0,139000
21,14215,NridgHt,8,5,2005,0,1158,2376,3,1,9,3,0,325300
22,7449,IDOTRR,7,7,1930,0,1108,1108,1,0,6,1,0,139400
23,9742,CollgCr,8,5,2002,0,1795,1795,2,0,7,2,0,230000
24,4224,MeadowV,5,7,1976,840,1060,1060,1,0,6,2,0,129900
25,8246,Sawyer,5,8,1968,188,1060,1060,1,0,6,1,0,154000
26,14230,NridgHt,8,5,2007,0,1600,1600,2,0,7,3,0,256300
27,7200,NAmes,5,7,1951,234,900,900,1,0,5,2,0,134800
28,11478,NridgHt,8,5,2007,1218,1704,1704,2,0,7,3,0,306000
29,16321,NAmes,5,6,1957,1277,1600,1600,1,0,6,1,0,207500
30,6324,BrkSide,4,6,1927,0,520,520,1,0,4,1,0,68500
31,8500,IDOTRR,4,4,1920,0,649,1317,1,0,6,1,0,40000
32,8544,Sawyer,5,6,1966,0,1228,1228,1,1,6,1,0,149350
33,11049,CollgCr,8,5,2007,0,1234,1234,2,0,7,2,0,179900
34,10552,NAmes,5,5,1959,1018,1700,1700,1,1,6,2,0,165500
35,7313,NridgHt,9,5,2005,1153,1561,1561,2,0,6,2,0,277500
36,13418,NridgHt,8,5,2004,0,1132,2452,3,1,9,3,0,309000
37,10859,CollgCr,5,5,1994,0,1097,1097,1,1,6,2,0,145000
38,8532,NAmes,5,6,1954,1213,1297,1297,1,0,5,2,0,153000
39,7922,NAmes,5,7,1953,731,1057,1057,1,0,5,1,0,109000
40,6040,Edwards,4,5,1955,0,1152,1152,2,0,6,0,0,82000
41,8658,NAmes,6,5,1965,643,1324,1324,2,0,6,2,0,160000
42,16905,Timber,5,6,1959,967,1328,1328,1,1,5,1,0,170000
43,9180,SawyerW,5,7,1983,747,884,884,1,0,5,2,0,144000
44,9200,CollgCr,5,6,1975,280,938,938,1,0,5,1,0,130250
45,7945,NAmes,5,6,1959,179,1150,1150,1,0,6,1,0,141000
46,7658,NridgHt,9,5,2005,456,1752,1752,2,0,6,2,0,319900
47,12822,Mitchel,7,5,2003,1351,1518,2149,1,1,6,2,0,239686
48,11096,Somerst,8,5,2006,24,1656,1656,2,0,7,3,0,249700
49,4456,OldTown,4,5,1920,0,736,1452,2,0,8,0,0,113000
50,7742,Sawyer,5,7,1966,763,955,955,1,0,6,1,0,127000
51,13869,Gilbert,6,6,1997,182,794,1470,2,0,6,2,0,177000
52,6240,BrkSide,6,6,1934,0,816,1176,1,0,6,2,0,114500
53,8472,IDOTRR,5,5,1963,104,816,816,1,0,5,2,0,110000
54,50271,Veenker,9,5,1981,1810,1842,1842,0,1,5,3,0,385000
55,7134,NAmes,5,5,1955,384,1360,1360,1,0,6,2,0,130000
56,10175,NAmes,6,5,1964,490,1425,1425,2,0,7,2,0,180500
57,2645,Somerst,8,5,1999,649,983,1739,2,1,7,2,0,172500
58,11645,CollgCr,7,5,2004,0,860,1720,2,1,7,2,0,196500
59,13682,StoneBr,10,5,2006,0,1426,2945,3,1,10,3,0,438780
60,7200,CollgCr,5,7,1972,632,780,780,1,0,4,1,0,124900
61,13072,SawyerW,6,5,2004,941,1158,1158,1,1,5,2,0,158000
62,7200,IDOTRR,5,7,1920,0,581,1111,1,0,6,1,0,101000
63,6442,NridgHt,8,5,2006,24,1370,1370,2,0,6,2,0,202500
64,10300,OldTown,7,6,1921,0,902,1710,2,0,9,2,0,140000
65,9375,CollgCr,7,5,1997,739,1057,2034,2,1,8,2,0,219500
66,9591,NridgHt,8,5,2004,0,1143,2473,2,1,9,3,0,317000
67,19900,NAmes,7,5,1970,912,2207,2207,2,0,7,2,0,180000
68,10665,CollgCr,7,5,2003,1013,1479,1479,2,0,7,2,0,226000
69,4608,OldTown,4,6,1945,0,747,747,1,0,4,1,0,80000
70,15593,ClearCr,7,4,1953,603,1304,2287,2,0,7,2,0,225000
71,13651,NAmes,7,6,1973,1880,2223,2223,2,0,8,2,0,244000
72,7599,Mitchel,4,6,1982,565,845,845,1,0,4,2,0,129500
73,10141,Gilbert,7,5,1998,0,885,1718,2,1,7,2,0,185000
74,10200,NAmes,5,7,1954,320,1086,1086,1,0,6,2,0,144900
75,5790,OldTown,3,6,1915,0,840,1605,2,0,8,1,0,107400
76,1596,MeadowV,4,5,1973,462,526,988,1,0,5,1,0,91000
77,8475,NAmes,4,7,1956,228,952,952,1,0,4,1,0,135750
78,8635,BrkSide,5,5,1948,336,1072,1285,1,0,6,1,0,127000
79,10778,Sawyer,4,5,1968,0,1768,1768,2,0,8,0,0,136500
80,10440,OldTown,5,6,1910,0,682,1230,1,1,5,2,0,110000
81,13000,NAmes,6,6,1968,448,1182,2142,2,1,8,1,0,193500
82,4500,Mitchel,6,5,1998,1201,1337,1337,2,0,5,2,0,153500
83,10206,Somerst,8,5,2007,33,1563,1563,2,0,6,3,0,245000
84,8892,NAmes,5,5,1960,0,1065,1065,1,1,6,2,0,126500
85,8530,Gilbert,7,5,1995,0,804,1474,2,1,7,2,0,168500
86,16059,NoRidge,8,5,1991,0,1301,2417,2,1,9,2,0,260000
87,11911,Gilbert,6,5,2005,0,684,1560,2,1,6,2,0,174000
88,3951,Somerst,6,5,2009,0,612,1224,2,1,4,2,0,164500
89,8470,IDOTRR,3,2,1915,0,1013,1526,1,0,6,0,0,85000
90,8070,CollgCr,4,5,1994,588,990,990,1,0,5,0,0,123600
91,7200,NAmes,4,5,1950,0,1040,1040,1,0,4,2,0,109900
92,8500,NAmes,5,3,1961,600,1235,1235,1,0,6,2,0,98600
93,13360,Crawfor,5,7,1921,713,964,964,1,0,5,2,0,163500
94,7200,OldTown,6,6,1910,1046,1260,2291,2,0,9,2,0,133900
95,9337,CollgCr,6,5,1997,648,905,1786,2,1,7,2,0,204750
96,9765,Gilbert,6,8,1993,310,680,1470,2,1,6,2,0,185000
97,10264,CollgCr,7,5,1999,1162,1588,1588,2,0,6,2,0,214000
98,10921,Edwards,4,5,1965,520,960,960,1,0,6,1,0,94750
99,10625,Edwards,5,5,1920,108,835,835,1,0,5,1,0,83000
100,9320,NAmes,4,5,1959,569,1225,1225,1,1,6,0,0,128950
101,10603,NWAmes,6,7,1977,1200,1610,1610,2,0,6,2,0,205000
102,9206,SawyerW,6,5,1985,0,977,1732,2,1,7,2,0,178000
103,7018,SawyerW,5,5,1979,0,1535,1535,2,0,8,2,0,118964
104,10402,CollgCr,7,5,2009,0,1226,1226,2,0,6,3,0,198900
105,7758,IDOTRR,7,4,1931,224,1226,1818,1,1,7,1,0,169500
106,9375,Somerst,8,5,2003,0,1053,1992,2,1,9,2,0,250000
107,10800,OldTown,4,7,1885,0,1047,1047,1,0,6,1,0,100000
108,6000,OldTown,5,5,1948,104,789,789,1,0,5,1,0,115000
109,8500,IDOTRR,5,7,1919,0,997,1517,2,0,7,0,0,115000
110,11751,NWAmes,6,6,1977,705,1844,1844,2,0,7,2,0,190000
111,9525,Edwards,6,4,1954,444,1216,1855,2,0,7,1,0,136900
112,7750,Gilbert,7,5,2000,250,774,1430,2,1,7,2,0,180000
113,9965,CollgCr,7,5,2007,984,1282,2696,2,1,10,3,0,383970
114,21000,Crawfor,6,5,1953,35,2259,2259,2,0,7,2,0,217000
115,7259,Crawfor,6,8,1945,774,1436,2320,2,1,9,1,0,259500
116,3230,Somerst,6,5,1999,419,729,1458,2,1,5,2,0,176000
117,11616,Sawyer,5,5,1962,170,1092,1092,1,0,6,1,0,139000
118,8536,Edwards,5,5,2006,0,1125,1125,1,1,5,2,0,155000
119,12376,SawyerW,7,5,1990,1470,1699,3222,3,0,11,3,0,320000
120,8461,CollgCr,6,5,2005,0,728,1456,2,1,8,2,0,163990
121,21453,ClearCr,6,5,1969,938,988,988,1,0,4,2,0,180000
122,6060,IDOTRR,4,5,1939,0,772,1123,1,0,4,1,0,100000
123,9464,NAmes,6,7,1958,570,1080,1080,1,0,5,1,0,136000
124,7892,SawyerW,6,5,1993,300,1199,1199,2,0,5,2,0,153900
125,17043,NWAmes,6,5,1979,0,1586,1586,2,0,7,2,0,181000
126,6780,IDOTRR,6,8,1935,490,520,754,1,0,5,0,0,84500
127,4928,NPkVill,6,5,1976,120,958,958,2,0,5,2,0,128000
128,4388,OldTown,5,7,1930,116,840,840,1,0,5,0,0,87000
129,7590,NAmes,6,5,1966,512,660,1348,1,1,6,2,0,155000
130,8973,NAmes,5,7,1958,567,1053,1053,1,1,6,2,0,150000
131,14200,NAmes,7,6,1966,445,1216,2157,2,1,8,2,0,226000
132,12224,Gilbert,6,5,2000,695,1022,2054,2,1,7,2,0,244000
133,7388,NAmes,5,6,1959,405,1327,1327,1,0,7,2,0,150750
134,6853,Timber,8,5,2001,1005,1296,1296,2,0,6,2,0,220000
135,10335,Sawyer,5,6,1968,570,1721,1721,2,1,7,2,0,180000
136,10400,NWAmes,7,6,1970,0,1682,1682,2,0,7,2,0,174000
137,10355,NAmes,5,5,1967,695,1214,1214,2,0,5,1,0,143000
138,11070,Mitchel,7,5,1988,0,1959,1959,3,0,9,3,0,171000
139,9066,CollgCr,8,5,1999,668,1004,1852,2,1,7,3,0,230000
140,15426,CollgCr,6,5,1997,821,928,1764,2,1,7,2,0,231500
141,10500,NAmes,4,5,1971,432,864,864,1,0,5,0,0,115000
142,11645,CollgCr,7,5,2005,1300,1734,1734,2,0,7,2,0,260000
143,8520,NAmes,5,4,1952,507,910,1385,2,0,6,2,0,166000
144,10335,CollgCr,7,5,1999,679,1501,1501,2,0,6,2,0,204000
145,9100,Sawyer,5,5,1963,1332,1728,1728,2,0,10,2,0,125000
146,2522,Edwards,6,5,2004,0,970,1709,2,0,7,2,0,130000
147,6120,BrkSide,5,7,1931,209,875,875,1,0,5,1,0,105000
148,9505,Gilbert,7,5,2001,0,884,2035,2,1,8,2,0,222500
149,7500,SawyerW,7,5,2004,680,1080,1080,1,0,6,0,0,141000
150,6240,BrkSide,5,4,1936,0,896,1344,1,0,7,1,0,115000
151,10356,CollgCr,5,6,1975,716,969,969,1,1,5,2,0,122000
152,13891,NridgHt,8,5,2007,1400,1710,1710,2,0,6,3,0,372402
153,14803,NWAmes,6,5,1971,416,1097,1993,2,1,8,2,0,190000
154,13500,ClearCr,6,7,1960,429,1252,1252,1,0,4,2,0,235000
155,11340,OldTown,6,5,1923,0,1200,1200,1,0,7,1,0,125000
156,9600,Edwards,6,5,1924,0,572,1096,1,0,5,0,0,79000
157,7200,NAmes,5,7,1950,0,1040,1040,1,0,5,2,0,109500
158,12003,Timber,8,5,2009,0,774,1968,2,1,8,3,0,269500
159,12552,Somerst,7,5,2004,222,991,1947,2,1,8,2,0,254900
160,19378,Gilbert,7,5,2005,57,1392,2462,2,1,9,2,0,320000
161,11120,Veenker,6,6,1984,660,1232,1232,2,0,6,2,0,162500
162,13688,NridgHt,9,5,2003,1016,1572,2668,2,1,10,3,0,412500
163,12182,NridgHt,7,5,2005,1201,1541,1541,2,0,7,2,0,220000
164,5500,OldTown,4,6,1956,0,882,882,1,0,4,0,0,103200
165,5400,OldTown,6,7,1926,370,1149,1616,2,0,5,1,0,152000
166,10106,Edwards,5,7,1940,351,808,1355,2,0,6,0,0,127500
167,10708,ClearCr,5,5,1955,379,1867,1867,1,0,7,1,0,190000
168,10562,NridgHt,8,5,2007,1288,1610,2161,1,1,8,3,0,325624
169,8244,Gilbert,7,5,2004,0,840,1720,2,1,7,2,0,183500
170,16669,Timber,8,6,1981,0,1707,1707,2,1,6,2,0,228000
171,12358,OldTown,5,6,1941,360,854,1382,1,1,7,2,0,128500
172,31770,NAmes,6,5,1960,639,1656,1656,1,0,7,2,0,215000
173,5306,StoneBr,7,7,1987,495,1064,1767,2,0,5,2,0,239000
174,10197,NAmes,6,5,1961,288,1362,1362,1,1,6,2,0,163000
175,12416,Timber,6,5,1986,1398,1651,1651,2,0,7,2,0,184000
176,12615,Edwards,6,7,1950,477,2158,2158,2,0,7,2,0,243000
177,10029,ClearCr,6,5,1988,831,1164,2060,2,1,8,2,0,211000
178,13650,Sawyer,5,5,1958,57,1252,1920,2,0,8,2,0,172500
179,17423,StoneBr,9,5,2008,1904,2234,2234,2,0,9,3,0,501837
180,8520,OldTown,5,6,1923,0,968,968,1,0,5,2,0,100000
181,2117,Somerst,6,5,2000,436,769,1525,2,1,5,2,0,177000
182,7588,Crawfor,7,6,1920,352,901,1802,1,1,9,1,0,200100
183,9060,Edwards,5,6,1957,0,1340,1340,1,0,7,1,0,120000
184,11426,OldTown,7,5,2003,0,1362,2082,2,1,6,2,0,200000
185,7438,BrkSide,5,8,1908,0,936,1252,1,0,5,2,0,127000
186,22950,OldTown,10,9,1892,0,1518,3608,2,1,12,3,0,475000
187,9947,Mitchel,7,5,1990,611,1217,1217,2,0,6,2,0,173000
188,10410,OldTown,5,7,1916,0,808,1656,2,1,8,1,0,135000
189,7018,SawyerW,5,5,1979,1086,1224,1224,0,2,6,2,0,153337
190,4923,StoneBr,8,5,2001,1153,1593,1593,1,1,5,2,0,286000
191,10570,Crawfor,8,8,1932,297,1549,2727,2,1,10,2,0,315000
192,7472,NAmes,7,9,1972,626,725,1479,1,1,7,2,0,184000
193,9017,CollgCr,7,5,1999,560,1431,1431,2,0,6,2,0,192000
194,2522,Edwards,7,5,2004,0,970,1709,2,0,7,2,0,130000
195,7180,CollgCr,5,7,1972,390,864,864,1,0,5,1,0,127000
196,2280,NPkVill,6,6,1976,566,855,1456,2,1,7,2,0,148500
197,9416,Somerst,7,5,2007,1126,1726,1726,2,0,8,3,0,311872
198,25419,NAmes,8,4,1918,1036,1360,3112,2,0,8,2,512,235000
199,5520,OldTown,6,6,1912,0,929,2229,1,0,8,0,0,104000
200,9591,NridgHt,8,5,2004,1088,1713,1713,2,0,7,3,0,274900
201,8546,Edwards,4,5,2003,0,1121,1121,2,0,5,2,0,140000
202,10125,Mitchel,6,6,1977,641,1279,1279,2,0,6,2,0,171500
203,7000,OldTown,6,6,1924,617,865,1310,2,0,6,1,0,112000
204,4438,CollgCr,6,5,2004,662,848,848,1,0,3,2,0,149000
205,3500,OldTown,5,7,1947,312,720,1284,1,1,5,1,0,110000
206,11851,Gilbert,7,5,1990,0,1442,1442,2,0,5,2,0,180500
207,13673,Sawyer,5,5,1962,0,1696,1696,1,1,8,1,0,143900
208,12493,NAmes,4,5,1960,419,1100,1100,1,0,6,1,0,141000
209,14364,SawyerW,7,5,1988,1065,1180,2062,2,1,7,2,0,277000
210,8250,NAmes,6,7,1964,787,1092,1092,1,0,6,2,0,145000
211,5604,Edwards,5,6,1925,468,864,864,1,0,5,0,0,98000
212,10420,Edwards,6,5,2009,36,1212,1212,2,0,6,2,0,186000
213,8640,Somerst,7,5,2009,822,932,1852,2,1,7,2,0,252678
214,13568,CollgCr,5,5,1995,716,990,990,1,0,5,2,0,156000
215,10900,CollgCr,6,7,1977,378,689,1392,1,1,6,1,0,161750
216,10011,NAmes,5,6,1957,360,1236,1236,1,0,6,1,0,134450
217,8450,CollgCr,7,5,2004,946,1436,1436,2,0,8,2,0,210000
218,9906,OldTown,4,4,1925,0,810,1328,1,0,8,1,0,107000
219,15660,Crawfor,7,9,1939,341,1137,1954,1,1,8,2,0,311500
220,3010,Blmngtn,7,5,2005,16,1248,1248,2,0,5,2,0,167240
221,8990,CollgCr,7,5,2006,0,1498,1498,2,0,5,2,0,204900
222,8068,Gilbert,6,5,2002,0,1010,2267,2,1,8,2,0,200000
223,11475,NWAmes,6,6,1975,550,811,1552,2,1,6,2,0,179900
224,10500,NAmes,4,6,1971,524,864,864,1,0,4,2,0,97000
225,13472,NridgHt,10,5,2003,56,2392,2392,2,0,8,3,0,386250
226,1680,BrDale,5,5,1971,0,630,1302,2,1,6,1,0,112000
227,9950,NoRidge,7,5,1995,565,1214,2520,2,1,9,3,0,290000
228,1869,BrDale,6,6,1970,321,483,987,1,1,5,1,0,106000
229,8521,Sawyer,5,5,1967,842,912,912,1,0,5,1,0,125000
230,3182,Blmngtn,7,5,2005,16,1555,1555,2,0,7,2,0,192500
231,8760,NAmes,6,6,1959,0,1194,1194,1,0,6,1,0,148000
232,15138,NoRidge,8,5,1995,689,1490,2794,2,1,9,3,0,403000
233,1680,BrDale,6,5,1972,0,483,987,1,1,5,1,0,94500
234,10650,CollgCr,5,6,1976,182,894,894,1,0,5,1,0,128200
235,7851,Gilbert,6,5,2002,625,860,1960,2,1,8,2,0,216500
236,1680,BrDale,6,3,1971,358,483,987,1,1,5,1,0,89500
237,8773,CollgCr,7,5,2004,24,1414,1414,2,0,6,2,0,185500
238,9453,SawyerW,7,7,1993,402,1014,1744,2,1,7,2,0,194500
239,12030,NridgHt,8,5,2007,0,1694,1694,2,0,7,3,0,318000
240,8741,Edwards,6,4,1945,94,798,1487,1,1,7,1,0,113000
241,9000,Somerst,8,5,2008,1078,1566,1566,2,0,7,2,0,262500
242,3880,OldTown,5,9,1945,329,866,866,1,0,4,0,0,110500
243,5000,OldTown,5,4,1900,0,889,1440,1,0,6,1,0,79000
244,10762,SawyerW,6,6,1980,0,626,1217,1,1,6,1,0,120000
245,8880,SawyerW,7,5,1994,695,1222,2110,2,1,8,2,0,205000
246,10400,NWAmes,7,5,1988,929,1872,1872,2,0,6,2,0,241500
247,9142,OldTown,6,8,1910,0,908,1928,2,0,9,1,0,137000
248,11310,NAmes,6,5,1954,0,1375,1375,1,0,5,2,0,140000
249,11317,CollgCr,7,5,2003,0,840,1668,2,1,8,2,0,180000
250,159000,ClearCr,6,7,1958,697,1444,2144,2,0,7,2,0,277000
251,5350,BrkSide,3,2,1940,0,1306,1306,1,0,6,0,0,76500
252,4750,Crawfor,8,5,2006,1573,1625,1625,2,0,5,2,0,235000
253,8366,SawyerW,6,5,2004,0,798,1640,2,1,6,2,0,173000
254,9350,NAmes,6,7,1964,270,1302,1302,2,0,7,1,0,158000
255,8400,NAmes,5,6,1957,922,1314,1314,1,0,5,1,0,145000
256,8738,Gilbert,7,5,1999,0,1005,2291,2,1,8,2,0,230000
257,8791,Somerst,6,5,2003,503,864,1728,2,1,7,2,0,207500
258,8814,CollgCr,7,5,2006,1334,1604,1604,2,1,8,2,0,220000
259,12435,CollgCr,7,5,2001,361,963,1792,2,1,7,2,0,231500
260,12702,OldTown,5,5,1956,0,882,882,1,0,4,1,0,97000
261,19296,NAmes,6,5,1962,672,1382,1382,1,0,6,2,0,176000
262,9588,CollgCr,8,5,2007,0,1482,2574,2,1,10,3,0,276000
263,8471,Sawyer,6,7,1977,506,1212,1212,1,0,6,2,0,151000
264,5500,OldTown,5,7,1929,234,926,1316,1,0,6,2,0,130000
265,5232,OldTown,5,5,1925,0,764,764,1,0,4,2,0,73000
266,12090,NWAmes,6,6,1981,588,1422,1422,2,0,7,2,0,175500
267,11207,Gilbert,6,5,1997,714,802,1511,2,1,8,2,0,185000
268,8400,SWISU,5,8,1939,378,1052,2192,2,1,8,1,0,179500
269,6900,IDOTRR,5,6,1940,403,778,778,1,0,4,1,0,120500
270,7917,Edwards,6,7,1976,751,1113,1113,1,1,6,1,0,148000
271,10728,Somerst,8,5,2006,0,1095,1939,2,1,8,3,0,266000
272,39104,ClearCr,7,7,1954,226,1363,1363,1,0,5,2,0,241500
273,11764,NoRidge,8,7,1999,524,1164,2270,2,1,9,3,0,290000
274,9600,NAmes,6,6,1958,620,1632,1632,2,0,6,1,0,139000
275,8314,Mitchel,5,7,1982,546,816,816,1,0,5,1,0,124500
276,7264,BrkSide,7,7,1925,0,952,1548,2,1,5,2,0,205000
277,9196,Mitchel,7,5,2003,0,1560,1560,2,0,7,2,0,201000
278,19138,Gilbert,4,5,1951,120,864,864,1,0,4,2,0,141000
279,14450,NridgHt,9,5,2006,0,2121,2121,2,1,8,3,0,415298
280,10005,ClearCr,7,5,1977,392,1156,2022,2,1,8,2,0,192000
281,11287,SawyerW,7,6,1989,421,1175,1982,2,1,7,2,0,228500
282,7200,Somerst,6,5,2006,905,1262,1262,2,0,5,2,0,185000
283,5063,NridgHt,7,5,2007,904,1314,1314,2,0,6,2,0,207500
284,9612,Somerst,8,5,2008,0,1468,1468,2,0,6,3,0,244600
285,8012,SawyerW,6,5,1992,430,1575,1575,2,0,5,2,0,179200
286,4251,Somerst,7,5,2006,0,625,1250,2,1,5,2,0,164700
287,9786,NAmes,6,7,1962,600,1085,1734,1,1,7,2,0,159000
288,8125,NAmes,4,4,1971,614,858,858,1,0,5,0,0,88000
289,9819,Sawyer,5,5,1967,450,900,900,1,0,5,1,0,122000
290,8730,BrkSide,6,7,1915,0,698,1396,1,0,7,1,0,153575
291,15611,CollgCr,8,5,2006,0,1079,1919,2,1,8,2,0,233230
292,5687,SWISU,5,6,1912,210,936,1716,2,0,9,0,0,135900
293,11409,Edwards,5,4,1949,292,1148,1716,1,1,8,1,0,131000
294,16659,NWAmes,7,7,1977,795,1468,2263,2,1,9,2,0,235000
295,9600,NAmes,6,5,1953,1285,1644,1644,1,0,7,2,0,167000
296,7937,Mitchel,6,6,1984,819,1003,1003,1,0,6,2,0,142500
297,13710,IDOTRR,5,5,1950,420,910,1558,1,1,6,1,0,152000
298,7399,Somerst,7,5,1997,649,975,1950,2,1,7,2,0,239000
299,11700,NWAmes,6,6,1968,384,1041,1743,1,2,7,2,0,175000
300,14000,Crawfor,6,8,1950,0,1152,1152,1,0,6,1,0,158500
301,15750,Crawfor,5,5,1953,841,1336,1336,1,0,5,1,0,157000
302,16226,CollgCr,8,5,1998,281,1210,2452,2,1,9,2,0,267000
303,13704,CollgCr,7,5,2001,0,1541,1541,2,0,6,3,0,205000
304,9800,CollgCr,5,7,1972,894,894,894,1,0,5,2,0,149900
305,18386,OldTown,7,9,1880,0,1675,3493,3,0,10,3,0,295000
306,10386,CollgCr,8,5,2004,1464,2000,2000,2,0,8,3,0,305900
307,13474,SawyerW,7,5,1990,700,1122,2243,2,1,8,3,0,225000
308,7920,IDOTRR,6,7,1920,0,1035,1406,1,0,6,0,0,89500
309,12342,Edwards,4,5,1940,262,861,861,1,0,4,2,0,82500
310,12378,NridgHt,9,5,2003,1274,1944,1944,2,0,8,3,0,360000
311,7685,Gilbert,6,5,1993,518,697,1501,2,1,6,2,0,165600
312,8000,NAmes,6,6,1948,680,972,972,1,0,5,1,0,132000
313,7800,OldTown,5,7,1939,507,793,1118,1,0,5,2,0,119900
314,215245,Timber,7,5,1965,1236,2036,2036,2,0,8,2,0,375000
315,9600,OldTown,7,7,1925,16,832,1641,1,1,6,2,0,178000
316,7795,Gilbert,7,5,2004,425,716,1432,2,1,6,2,0,188500
317,13005,NWAmes,7,7,1980,692,1153,2353,2,1,10,2,0,260000
318,9000,Somerst,8,5,2006,0,1088,1959,2,1,8,3,0,270000
319,9900,NoRidge,7,5,1993,987,1372,2646,2,1,9,3,0,260000
320,14115,NWAmes,7,5,1980,1036,1472,1472,2,0,6,2,0,187500
321,16259,NridgHt,9,5,2006,0,1249,2596,3,1,9,3,0,342643
322,12099,NridgHt,8,5,2004,970,1136,2468,2,1,10,3,0,354000
323,10380,SawyerW,7,5,1986,28,1553,2730,2,1,8,2,0,301000
324,5820,OldTown,3,8,1955,256,1163,1163,1,0,6,1,0,126175
325,11275,NAmes,7,7,1967,0,1898,2978,2,1,11,2,0,242000
326,5000,IDOTRR,5,6,1941,116,803,803,1,0,5,2,0,87000
327,10846,Veenker,8,5,1993,1619,1719,1719,1,1,6,2,0,324000
328,11600,NAmes,6,5,1960,565,1383,1383,1,1,7,1,0,145250
329,11888,BrkSide,6,6,1916,0,1445,2134,2,0,10,2,0,214500
330,6402,IDOTRR,5,5,1920,0,596,1192,1,0,6,1,0,78000
331,10624,NAmes,5,4,1964,40,1728,1728,2,0,10,1,0,119000
332,8176,NAmes,5,6,1958,846,1056,1056,1,0,6,1,0,139000
333,10655,NridgHt,8,5,2003,1124,1629,1629,2,0,7,3,0,284000
334,8198,NridgHt,7,5,2004,720,1358,1358,2,0,6,2,0,207000
335,9042,Gilbert,6,5,1998,828,943,1638,2,1,7,2,0,192000
336,164660,Timber,5,6,1965,1249,1619,1786,2,0,7,2,0,228950
337,14157,StoneBr,9,5,2005,1249,1922,1922,2,0,8,3,0,377426
338,9135,CollgCr,7,5,2002,810,1536,1536,2,0,7,2,0,214000
339,14145,NWAmes,7,7,1984,213,1621,1621,2,0,8,2,0,202500
340,12400,NAmes,6,7,1958,585,1215,1215,1,0,6,1,0,155000
341,14191,Timber,8,5,2002,0,993,1908,2,1,9,2,0,202900
342,8400,SawyerW,4,4,1950,0,841,841,1,0,4,1,0,82000
343,8544,NAmes,3,4,1949,0,1040,1040,2,0,6,2,0,87500
344,8849,NridgHt,9,5,2005,28,1684,1684,2,0,6,2,0,266000
345,2592,MeadowV,5,3,1976,129,536,1112,1,1,4,1,0,85000
346,6435,BrkSide,6,5,1939,0,972,1577,1,0,6,1,0,140200
347,12772,NAmes,6,8,1960,498,958,958,1,0,5,1,0,151500
348,17600,NAmes,6,5,1960,1270,1478,1478,2,0,6,2,0,157500
349,2448,NridgHt,7,5,2003,573,764,1626,2,1,6,2,0,154000
350,20431,NridgHt,9,5,2005,1410,1848,2728,2,1,10,3,0,437154
351,7820,NridgHt,9,5,2007,0,1869,1869,2,0,6,2,0,318061
352,5271,ClearCr,7,5,1986,1082,1453,1453,1,1,6,2,0,190000
353,9084,Edwards,5,6,1941,236,616,1111,1,0,5,1,0,95000
354,8520,OldTown,6,8,1928,0,720,720,1,0,5,2,0,105900
355,8400,SWISU,6,5,1940,388,1192,1595,1,0,6,1,0,140000
356,11249,CollgCr,6,5,1995,334,1200,1200,2,0,6,2,0,177500
357,9248,Gilbert,6,6,1992,560,1167,1167,2,0,6,2,0,173000
358,4224,MeadowV,5,5,1976,874,1142,1142,1,1,6,2,0,134000
359,6930,ClearCr,5,4,1958,300,1352,1352,1,0,6,1,0,130000
360,12011,NoRidge,8,5,1998,956,1086,1924,2,1,7,2,0,280000
361,7540,Mitchel,6,6,1978,773,912,912,1,0,5,2,0,156000
362,9144,BrkSide,5,5,1940,399,988,1505,1,0,8,1,0,145000
363,7301,Edwards,7,5,2003,0,495,1922,3,0,7,2,0,198500
364,1680,BrDale,6,8,1972,162,483,987,1,1,5,1,0,118000
365,18800,NWAmes,6,5,1976,712,790,1574,2,1,6,2,0,190000
366,10690,IDOTRR,5,7,1920,456,672,1344,1,0,6,1,0,147000
367,9500,NAmes,6,5,1963,609,1394,1394,1,1,6,2,0,159000
368,9150,NAmes,6,5,1962,371,1431,1431,1,0,6,1,0,165000
369,7800,NAmes,5,6,1954,540,1268,1268,1,0,7,1,0,132000
370,9830,NAmes,5,7,1959,72,1287,1287,1,0,7,2,0,162000
371,8121,Gilbert,6,5,2000,0,953,1664,2,1,7,2,0,172400
372,17120,ClearCr,4,4,1959,0,1120,1588,2,0,7,2,0,134432
373,7175,SawyerW,6,5,1984,623,752,752,1,0,4,1,0,125000
374,10634,NAmes,5,6,1953,428,1319,1319,1,0,5,1,0,123000
375,8200,CollgCr,7,5,2003,0,847,1928,2,1,8,2,0,219500
376,10020,Edwards,1,1,1922,350,904,904,0,1,4,0,0,61000
377,8846,CollgCr,5,5,1996,298,914,914,1,0,5,2,0,148000
378,11143,Somerst,8,5,2004,0,1580,2466,3,0,8,2,0,340000
379,11394,StoneBr,9,2,2010,1445,1856,1856,1,1,8,3,0,394432
380,8123,Gilbert,6,5,2000,0,1007,1800,2,1,7,2,0,179000
381,5000,SWISU,5,6,1924,218,1026,1691,2,0,6,1,0,127000
382,7200,Somerst,7,5,2006,0,1301,1301,2,0,5,2,0,187750
383,9245,CollgCr,7,5,2006,0,939,1797,2,1,8,2,0,213500
384,9000,SawyerW,6,3,1928,0,784,784,1,0,5,2,0,76000
385,53107,ClearCr,6,5,1992,985,1079,1953,2,1,9,2,0,240000
386,3182,Blmngtn,8,5,2004,24,1269,1269,2,0,6,2,0,192000
387,8410,Edwards,5,3,1910,0,658,1184,1,0,8,0,0,81000
388,7200,Edwards,6,6,1976,631,1125,1125,1,0,6,1,0,125000
389,9382,CollgCr,7,5,1999,0,1479,1479,2,0,6,2,0,191000
390,12474,NridgHt,10,5,2007,1280,1742,2332,2,1,9,3,0,426000
391,8405,Edwards,5,8,1900,241,961,1367,1,0,7,1,0,119000
392,12209,Mitchel,6,5,2001,690,804,1961,2,1,7,2,0,215000
393,8339,NAmes,5,7,1959,0,882,882,1,0,5,1,0,106500
394,7446,BrkSide,4,5,1941,266,788,788,1,0,4,0,0,100000
395,10134,OldTown,5,6,1940,0,735,1034,1,0,5,1,0,109000
396,9571,Edwards,5,6,1956,739,1144,1144,1,0,6,1,0,129000
397,7200,CollgCr,5,5,1972,777,894,894,1,0,6,2,0,123000
398,7590,NAmes,5,5,1962,540,876,1812,2,0,8,1,0,169500
399,8967,IDOTRR,5,2,1920,0,1077,1077,1,0,6,1,0,67000
400,8125,Somerst,7,5,2006,812,1112,1550,2,0,7,2,0,241000
401,14963,Veenker,8,5,1996,786,1288,1288,1,1,4,2,0,245500
402,8767,CollgCr,7,5,2005,24,1310,1310,2,0,6,2,0,164990
403,10200,Sawyer,5,8,1940,0,672,672,1,0,4,1,0,108000
404,12090,NoRidge,8,5,1998,0,1165,2263,2,1,10,2,0,258000
405,10364,Gilbert,6,5,1995,0,806,1572,2,1,7,2,0,168000
406,9991,Sawyer,4,4,1976,1116,1620,1620,2,0,8,2,0,150000
407,10480,SWISU,6,5,1936,0,1166,1639,1,0,6,1,0,115000
408,15576,Crawfor,6,7,1915,0,840,1680,2,0,8,1,0,177000
409,14154,NridgHt,7,5,2006,0,1071,2172,2,1,9,3,0,280000
410,10800,Somerst,8,5,2007,789,1050,2078,2,1,8,3,0,339750
411,9571,Edwards,5,3,1958,0,1276,1276,1,0,5,1,0,60000
412,34650,Gilbert,5,5,1955,1056,1056,1056,1,0,5,2,0,145000
413,4403,Somerst,7,5,2009,578,1478,1478,2,1,7,2,0,222000
414,8960,OldTown,5,6,1927,0,1028,1028,1,0,5,2,0,115000
415,11228,SawyerW,7,5,1993,50,1080,2097,2,1,9,3,0,228000
416,8899,Gilbert,7,5,2007,24,1340,1340,2,0,6,2,0,181134
417,7844,Sawyer,6,7,1978,209,672,1400,1,1,6,2,0,149500
418,22420,Crawfor,6,6,1918,1128,1370,2624,2,1,10,3,0,239000
419,8160,Edwards,5,6,1940,312,756,1134,1,1,7,1,0,126000
420,8450,NAmes,5,6,1968,775,1056,1056,1,0,6,1,0,142000
421,7060,Mitchel,7,5,1997,1309,1344,1344,2,0,8,4,0,206300
422,16635,NWAmes,6,7,1977,1246,1602,1602,2,0,8,2,0,215000
423,21750,Mitchel,5,5,1954,0,988,988,1,0,4,2,0,113000
424,9200,NoRidge,8,5,1998,986,1470,2630,2,1,8,3,0,315000
425,9000,NAmes,6,5,1956,616,1196,1196,1,0,6,1,0,139000
426,3378,OldTown,7,8,1946,0,707,1389,1,1,6,1,0,135000
427,12800,SawyerW,7,5,1989,1518,1644,1644,2,0,5,2,0,275000
428,8593,NAmes,4,6,1957,288,907,907,1,0,5,1,0,109008
429,6762,CollgCr,7,5,2007,664,1208,1208,2,0,6,2,0,195400
430,11457,Timber,6,5,1988,1005,1412,1412,2,0,6,2,0,175000
431,1680,BrDale,6,5,1971,387,483,987,1,1,4,1,0,85400
432,5586,OldTown,6,7,1920,0,1088,1198,1,0,7,0,0,79900
433,1920,BrDale,5,5,1971,471,765,1365,1,1,6,2,0,122500
434,10839,Gilbert,6,5,1997,0,926,1604,2,1,7,2,0,181000
435,1890,MeadowV,4,7,1972,495,630,630,1,0,3,0,0,81000
436,10667,CollgCr,7,6,1996,385,827,1661,2,1,6,2,0,212000
437,4400,OldTown,6,8,1920,0,734,1118,1,0,6,2,0,116000
438,6000,BrkSide,6,7,1926,0,904,904,1,0,4,1,0,119000
439,4280,Crawfor,5,6,1913,365,694,694,1,0,4,1,0,90350
440,12354,Edwards,6,8,1920,0,684,1196,1,0,7,2,0,110000
441,15431,NridgHt,10,5,2008,1767,2402,2402,2,0,10,3,0,555000
442,12108,Edwards,4,4,1955,133,1440,1440,2,0,8,0,0,118000
443,6240,BrkSide,5,7,1930,0,1128,1573,2,0,8,2,0,162900
444,3922,Blmngtn,7,5,2006,0,1258,1258,2,0,6,3,0,172500
445,8750,CollgCr,7,5,1994,642,933,1908,2,1,8,2,0,210000
446,9855,Edwards,6,5,1956,0,1689,1689,1,0,7,2,0,127500
447,16492,NAmes,6,6,1966,247,1888,1888,2,1,6,2,0,190000
448,11214,Gilbert,7,5,1998,0,956,1886,2,1,10,2,0,199900
449,8600,IDOTRR,6,6,1937,0,780,1376,2,0,7,1,0,119500
450,6000,OldTown,3,7,1948,331,679,1183,1,1,6,1,0,120000
451,5684,OldTown,6,8,1930,0,813,813,1,0,5,1,0,110000
452,70761,ClearCr,7,5,1975,655,1533,1533,2,0,5,2,0,280000
453,9303,Timber,6,5,1996,742,888,1756,2,1,7,2,0,204000
454,9000,Somerst,8,5,2008,0,786,1590,2,1,6,2,0,210000
455,9297,Mitchel,5,5,1976,1606,1728,1728,2,0,8,2,0,188000
456,9600,NWAmes,7,6,1973,916,1242,1242,1,1,6,2,0,175500
457,4571,OldTown,5,5,1916,0,624,1344,1,0,7,3,0,98000
458,53227,ClearCr,4,6,1954,1116,1663,1663,1,0,6,2,0,256000
459,5100,OldTown,8,7,1925,0,833,1666,1,0,7,1,0,161000
460,7015,BrkSide,5,4,1950,185,979,1203,1,0,5,1,0,110000
461,8004,Somerst,8,5,2009,544,832,1935,2,1,8,2,0,263435
462,7200,SWISU,7,9,1936,350,575,1135,1,0,6,2,0,155000
463,8281,Sawyer,5,5,1965,553,864,864,1,0,5,1,0,62383
464,11988,Crawfor,6,7,1934,326,849,1660,1,1,6,1,0,188700
465,8430,CollgCr,5,5,1978,616,1040,1040,2,0,5,0,0,124000
466,3072,Blmngtn,7,5,2004,0,1414,1414,2,0,6,2,0,178740
467,10628,NAmes,7,5,1970,778,1277,1277,1,0,5,2,0,167000
468,9480,NAmes,5,7,1942,386,888,1644,1,1,7,1,0,146500
469,11428,NridgHt,8,5,2006,0,1634,1634,2,0,7,3,0,250000
470,9291,SawyerW,6,5,1993,426,832,1710,2,1,7,2,0,187000
471,6820,StoneBr,8,5,1985,368,1502,1502,1,1,4,2,0,212000
472,11952,NWAmes,7,6,1977,0,1161,1969,2,1,8,2,0,190000
473,3675,Edwards,6,5,2005,459,1072,1072,1,0,5,2,0,148000
474,14977,NridgHt,8,5,2006,1350,1976,1976,2,0,7,3,0,440000
475,5330,StoneBr,8,5,2000,1196,1652,1652,2,0,6,2,0,251000
476,8480,Sawyer,5,6,1963,630,970,970,1,0,5,2,0,132500
477,13125,CollgCr,6,5,1997,994,1493,1493,2,0,7,2,0,208900
478,13693,NridgHt,9,5,2006,0,2069,2643,2,1,9,3,0,380000
479,10637,CollgCr,8,5,2007,1288,1718,1718,2,0,7,3,0,297000
480,5925,OldTown,4,7,1937,168,1131,1131,1,0,7,2,0,89471
481,16033,NridgHt,9,5,2004,1261,1850,1850,2,0,8,3,0,326000
482,11846,NridgHt,9,5,2003,1567,1792,1792,2,0,6,3,0,374000
483,2500,OldTown,7,8,1915,299,916,1826,1,1,7,1,0,155000
484,4500,Mitchel,6,5,1998,897,1216,1216,2,0,5,2,0,164000
485,7758,Sawyer,5,7,1962,588,999,999,1,0,6,1,0,132500
486,9600,NAmes,5,7,1950,607,1113,1113,1,0,5,1,0,147000
487,10289,NAmes,5,7,1965,836,1073,1073,1,1,6,2,0,156000
488,12243,NWAmes,5,6,1971,998,1484,1484,2,0,7,2,0,175000
489,10800,OldTown,5,4,1900,664,1766,2414,2,0,10,2,0,160000
490,1526,MeadowV,4,8,1970,515,630,630,1,0,3,1,0,86000
491,2665,MeadowV,5,6,1976,0,616,1304,1,1,4,1,0,115000
492,9490,NAmes,6,7,1941,403,958,1578,1,0,5,1,0,133000
493,15578,Gilbert,6,5,2006,0,728,1456,2,1,8,2,0,172785
494,7931,NAmes,5,6,1960,374,1269,1269,1,1,6,1,0,155000
495,5784,OldTown,5,8,1938,0,886,886,1,0,4,1,0,91300
496,7879,IDOTRR,4,5,1920,495,720,720,1,0,4,0,0,34900
497,12692,NoRidge,8,5,1992,1231,3228,3228,3,0,10,2,0,430000
498,9120,BrkSide,7,6,1925,329,1133,1820,2,0,8,1,0,184000
499,7800,Sawyer,5,7,1967,450,899,899,1,0,5,1,0,130000
500,7535,NAmes,5,7,1958,111,912,912,1,0,5,1,0,120000
501,1890,BrDale,6,5,1973,356,672,1218,1,1,7,1,0,113000
502,9803,Somerst,7,5,2005,400,866,1768,2,1,7,2,0,226700
503,9170,Edwards,5,7,1965,698,1214,1214,1,0,6,2,0,140000
504,15602,Crawfor,7,8,1959,1247,1801,1801,2,0,6,2,0,289000
505,2308,NPkVill,6,5,1974,257,855,1322,2,1,6,2,0,147000
506,7596,OldTown,5,5,1952,0,960,1960,2,0,10,2,0,124500
507,9554,SawyerW,8,5,1993,380,1065,1911,2,1,8,2,0,215000
508,7862,Somerst,6,5,2009,27,1218,1218,2,0,4,2,0,208300
509,9600,OldTown,7,9,1928,141,689,1378,2,0,7,2,0,161000
510,9600,NAmes,5,6,1959,991,1041,1041,1,0,6,1,0,124500
511,14559,NAmes,5,7,1951,650,1363,1363,1,0,6,1,0,164900
512,6792,NridgHt,7,5,2005,0,1368,1368,2,0,6,2,0,202665
513,9100,NAmes,5,5,1958,521,864,864,1,0,5,2,0,129900
514,9187,Mitchel,6,5,1983,336,1080,1080,1,1,5,2,0,134000
515,10594,Crawfor,5,5,1926,0,789,789,1,0,5,1,0,96500
516,12220,NridgHt,10,5,2009,1436,2020,2020,2,1,9,3,0,402861
517,10448,NWAmes,6,6,1972,0,1378,2119,2,1,7,2,0,158000
518,10208,NoRidge,7,5,1996,0,1277,2344,2,1,7,3,0,265000
519,9531,CollgCr,6,5,1998,706,882,1796,2,1,7,2,0,211000
520,10918,Crawfor,7,9,1926,0,1276,2080,1,1,9,1,0,234000
521,10800,OldTown,4,7,1900,0,694,1294,2,0,7,0,0,106250
522,11988,NAmes,6,6,1957,777,1244,1244,1,1,6,1,0,150000
523,5000,BrkSide,6,7,1947,399,1004,1664,2,0,7,2,0,159000
524,40094,Edwards,10,5,2007,2260,3138,4676,3,1,11,3,0,184750
525,11787,NoRidge,7,5,1996,719,1383,2398,2,1,8,3,0,315750
526,7500,Somerst,7,5,2005,0,1266,1266,2,0,6,2,0,176000
527,13300,NAmes,5,7,1956,377,928,928,1,0,4,1,0,132000
528,14948,NridgHt,9,5,2008,1330,1476,2713,2,1,11,3,0,446261
529,9098,Edwards,4,7,1920,348,605,605,1,0,5,0,0,86000
530,32668,Crawfor,6,3,1957,1219,2515,2515,3,0,9,2,0,200624
531,10200,Timber,6,5,1988,783,1509,1509,2,0,5,2,0,175000
532,6155,BrkSide,6,8,1920,0,751,1362,2,0,6,2,0,128000
533,7200,NAmes,5,7,1955,0,827,827,1,0,5,1,0,107500
534,5000,BrkSide,1,3,1946,0,334,334,1,0,2,0,0,39300
535,9056,Gilbert,8,5,2004,0,707,1414,2,1,6,2,0,178000
536,7000,Edwards,5,7,1910,969,820,1347,1,0,5,0,0,107500
537,8924,CollgCr,7,5,1998,0,880,1724,2,1,8,2,0,188000
538,12735,NAmes,4,5,1972,600,864,864,1,0,5,2,0,111250
539,11553,Sawyer,5,5,1968,673,1159,1159,1,1,7,1,0,158000
540,11423,CollgCr,8,5,2001,1358,1601,1601,2,0,6,2,0,272000
541,14601,Timber,9,5,2006,1260,1838,1838,2,0,8,3,0,315000
542,11000,NoRidge,8,5,2000,0,997,2285,2,1,8,3,0,248000
543,10140,NWAmes,7,5,1998,144,1680,1680,2,0,7,2,0,213250
544,4058,NAmes,7,5,1998,584,767,767,1,0,4,1,0,133000
545,17104,Gilbert,7,5,2006,554,664,1496,2,1,7,2,0,179665
546,13837,NWAmes,7,5,1988,1002,1377,2183,2,1,9,3,0,229000
547,8737,BrkSide,6,7,1923,300,915,1635,1,1,6,2,0,210000
548,7244,Mitchel,5,7,1970,619,768,768,1,0,5,2,0,129500
549,8235,OldTown,5,7,1955,180,825,825,1,0,4,2,0,125000
550,9375,Somerst,7,5,2003,0,912,2094,2,1,8,2,0,263000
551,4043,NPkVill,6,6,1977,559,1069,1069,2,0,4,2,0,140000
552,6000,OldTown,5,6,1957,308,928,928,1,0,5,1,0,112500
553,11146,NridgHt,8,5,2006,0,1717,1717,2,0,7,3,0,255500
554,8777,Edwards,4,5,1949,0,1126,1126,2,0,5,2,0,108000
555,10625,NridgHt,7,5,2003,866,1006,2046,2,1,8,3,0,284000
556,6380,BrkSide,5,6,1922,0,1048,1048,1,0,5,1,0,113000
557,14850,NAmes,5,5,1957,895,1092,1092,1,0,6,1,0,141000
558,11040,IDOTRR,4,6,1920,637,897,1336,1,1,7,1,0,108000
559,21872,Gilbert,7,5,1996,604,729,1446,2,1,6,2,0,175000
560,3196,Blmngtn,7,5,2003,0,1557,1557,2,0,7,2,0,234000
561,11341,Sawyer,5,6,1957,1302,1392,1392,1,1,5,2,0,121500
562,10010,Mitchel,5,5,1974,1071,1389,1389,1,0,6,2,0,170000
563,13907,Edwards,5,6,1940,290,996,996,1,0,6,0,0,108000
564,21780,Edwards,6,7,1918,0,1163,1674,2,0,8,2,0,185000
565,13346,NoRidge,7,5,1992,728,1166,2295,2,1,9,2,0,268000
566,6858,SWISU,6,4,1915,0,841,1647,1,1,6,1,0,128000
567,11198,StoneBr,9,5,2005,0,1134,2504,2,1,11,3,0,325000
568,10171,NridgHt,7,5,2004,2,1535,1535,2,0,7,2,0,214000
569,12327,SawyerW,8,8,1983,1441,1496,2132,1,1,5,2,0,316600
570,7032,NAmes,5,5,1979,943,943,943,1,0,4,2,0,135960
571,13101,NAmes,5,5,1965,231,1728,1728,2,0,10,2,0,142600
572,7332,NAmes,6,6,1959,414,864,864,1,0,4,1,0,120000
573,13159,Timber,7,5,2009,0,846,1692,2,1,6,2,0,224500
574,9967,Gilbert,7,5,2000,0,774,1430,2,1,8,2,0,170000
575,10500,NAmes,5,7,1971,349,576,1109,1,0,5,1,0,139000
576,8480,NAmes,5,5,1947,442,832,1216,1,0,6,1,0,118500
577,6292,SWISU,7,7,1928,0,877,1477,2,0,6,1,0,145000
578,11777,Sawyer,5,6,1966,328,1320,1320,1,0,6,2,0,164500
579,3604,Somerst,7,5,2007,0,703,1392,2,0,5,2,0,146000
580,12150,OldTown,5,5,1954,0,1050,1795,2,0,7,1,0,131500
581,14585,NAmes,6,6,1960,594,1429,1429,1,0,7,2,0,181900
582,12704,NridgHt,8,5,2008,0,2042,2042,2,1,8,3,0,253293
583,11841,Edwards,6,5,1990,816,816,816,1,0,5,0,0,118500
584,13500,OldTown,10,9,1893,0,1521,2775,3,1,9,2,0,325000
585,6120,BrkSide,4,7,1935,0,989,1573,1,0,6,1,0,133000
586,11443,Timber,8,5,2005,1460,2028,2028,2,0,7,3,0,369900
587,10267,BrkSide,6,7,1918,210,838,838,1,0,5,1,0,130000
588,8740,Sawyer,5,6,1982,672,860,860,1,0,4,2,0,137000
589,25095,ClearCr,5,8,1968,1324,1473,1473,1,0,5,1,0,143000
590,9100,BrkSide,5,6,1930,0,779,935,1,0,4,1,0,79500
591,8320,CollgCr,7,5,2004,490,770,1582,2,1,6,2,0,185900
592,13478,NridgHt,10,5,2008,1338,1728,2296,2,1,10,3,0,451950
593,6600,Mitchel,5,8,1982,816,816,816,1,0,4,2,0,138000
594,4435,CollgCr,6,5,2003,685,848,848,1,0,4,2,0,140000
595,7990,CollgCr,5,6,1975,0,924,924,1,0,5,1,0,110000
596,11302,StoneBr,8,5,2005,1422,1826,1826,2,0,7,3,0,319000
597,3600,OldTown,6,7,1910,0,684,1368,1,0,7,1,0,114504
598,3922,Blmngtn,7,5,2006,0,1402,1402,0,2,7,3,0,194201
599,12984,Crawfor,5,6,1977,1283,1647,1647,2,0,7,2,0,217500
600,1950,Blueste,6,6,1980,81,716,1556,2,1,6,2,0,151000
601,10927,NridgHt,8,5,2005,546,1058,1904,2,1,8,2,0,275000
602,9000,IDOTRR,6,6,1937,0,780,1375,1,1,6,1,0,141000
603,10041,SawyerW,8,5,1992,789,927,1915,2,1,8,2,0,220000
604,3182,Somerst,7,5,2004,0,600,1200,2,1,4,2,0,151000
605,12803,CollgCr,7,5,2002,922,1494,1494,2,0,6,2,0,221000
606,13600,NAmes,7,6,1965,454,1186,1986,2,1,7,2,0,205000
607,12464,CollgCr,5,5,1996,732,1040,1040,1,0,6,2,0,152000
608,7800,Edwards,5,8,1948,603,1112,2008,3,0,8,1,0,225000
609,12168,Crawfor,8,6,1934,428,1940,3194,2,1,10,2,0,359100
610,7943,Sawyer,4,5,1961,903,1029,1029,1,0,5,1,0,118500
611,11050,CollgCr,9,5,2000,904,1476,2153,2,1,8,3,0,313000
612,10395,NWAmes,6,6,1978,605,1032,1032,2,0,6,2,0,148000
613,11885,CollgCr,8,5,2001,990,1299,1872,2,1,7,2,0,261500
614,8402,Mitchel,5,5,2007,206,1120,1120,1,0,6,0,0,147000
615,1491,MeadowV,4,6,1972,150,630,630,1,0,3,0,0,75500
616,8800,NAmes,6,7,1963,763,1054,1054,1,0,6,2,0,137500
617,7861,Gilbert,6,5,2002,457,807,1509,2,1,7,2,0,183200
618,7227,NAmes,6,6,1954,0,832,832,1,0,4,2,0,105500
619,11694,NridgHt,9,5,2007,48,1828,1828,2,0,9,3,0,314813
620,12244,Timber,8,5,2003,871,1482,2262,2,1,10,3,0,305000
621,8248,Edwards,3,3,1914,41,864,864,1,0,5,0,0,67000
622,10800,NWAmes,6,7,1974,956,1548,2614,2,1,9,2,0,240000
623,7064,Sawyer,5,6,1977,560,980,980,1,0,6,2,0,135000
624,2117,Somerst,6,5,2000,420,756,1512,2,1,4,2,0,168500
625,10400,NWAmes,6,5,1972,247,1012,1790,1,2,8,2,0,165150
626,10000,NAmes,6,6,1962,0,1116,1116,1,1,5,2,0,160000
627,12342,NAmes,5,5,1960,0,1422,1422,1,0,6,1,0,139900
628,9600,NAmes,6,6,1955,674,1520,1520,1,0,7,1,0,153000
629,11606,NAmes,5,5,1969,650,1040,2080,1,2,9,2,0,135000
630,9020,NAmes,6,5,1964,624,1350,1350,1,1,6,2,0,168500
631,9000,OldTown,5,6,1880,0,1089,1750,1,0,8,1,0,124000
632,4590,NridgHt,8,5,2006,24,1554,1554,2,0,6,2,0,209500
633,11900,NWAmes,7,5,1977,822,1411,1411,2,0,6,2,0,82500
634,9250,NAmes,5,7,1954,480,1056,1056,1,0,6,1,0,139400
635,6979,OldTown,6,5,1980,1056,1056,1056,0,0,4,2,0,144000
636,10896,SWISU,6,7,1914,256,1440,3395,2,0,14,0,0,200000
637,6120,BrkSide,2,3,1936,0,800,800,1,0,4,0,0,60000
638,6000,OldTown,5,4,1954,0,811,1387,2,0,7,1,0,93000
639,8777,Edwards,5,7,1910,0,796,796,1,0,4,0,0,85000
640,3982,Blmngtn,8,5,2006,1154,1567,1567,2,0,7,3,0,264561
641,12677,NridgHt,8,5,2003,1218,1518,1518,1,1,6,2,0,274000
642,7050,Somerst,7,5,2001,738,1057,1929,2,1,7,2,0,226000
643,13860,NAmes,8,7,1972,1410,2000,2704,2,1,9,2,0,345000
644,10793,NWAmes,5,5,1969,493,780,1620,2,1,7,2,0,152000
645,9187,Somerst,9,5,2009,1121,1766,1766,2,1,7,3,0,370878
646,10530,NAmes,6,5,1971,282,981,981,1,1,5,2,0,143250
647,7200,NAmes,5,5,1950,0,1048,1048,1,0,7,2,0,98300
648,10452,Edwards,6,5,1953,500,1094,1094,1,0,5,2,0,155000
649,7700,NAmes,6,5,1966,0,1051,1839,1,1,7,2,0,155000
650,1936,MeadowV,4,6,1970,131,630,630,1,0,3,0,0,84500
651,8125,Somerst,7,6,2007,0,822,1665,2,1,7,2,0,205950
652,9084,Edwards,4,5,1940,0,755,1510,1,0,7,1,0,108000
653,8750,CollgCr,7,5,1996,0,909,1716,2,1,7,2,0,191000
654,10320,IDOTRR,6,7,1906,0,756,1469,1,0,7,1,0,135000
655,10437,NoRidge,8,6,1995,1696,2113,2113,2,1,7,3,0,350000
656,1680,BrDale,6,5,1971,0,525,1092,1,1,6,1,0,88000
657,10007,NAmes,5,7,1959,806,1053,1053,1,1,5,1,0,145500
658,7200,Crawfor,7,6,1931,0,851,1502,1,1,6,1,0,149000
659,17503,NAmes,6,5,1948,0,912,1458,1,0,6,1,0,97500
660,9937,Edwards,5,7,1964,637,1486,1486,1,0,7,2,0,167000
661,12384,NWAmes,7,7,1976,0,1142,1935,2,1,7,2,0,197900
662,46589,NoRidge,8,7,1994,1361,1686,2448,2,1,8,3,0,402000
663,13560,NAmes,6,3,1968,0,1392,1392,1,0,5,2,0,110000
664,10012,Edwards,4,5,1972,920,1181,1181,2,0,6,2,0,137500
665,20896,Somerst,8,5,2005,1721,2097,2097,1,1,8,3,0,423000
666,11194,Gilbert,8,5,2000,0,1454,1936,2,1,7,2,0,230500
667,18450,NAmes,6,5,1965,187,1465,2380,2,1,7,2,0,129000
668,8125,SawyerW,6,5,1994,1138,1679,1679,2,0,7,2,0,193500
669,14175,Sawyer,5,6,1956,988,1437,1437,1,1,6,2,0,168000
670,11600,Crawfor,4,5,1922,0,1180,1180,1,0,5,1,0,137500
671,8633,CollgCr,6,5,2005,193,738,1476,2,1,7,2,0,173500
672,6629,Edwards,6,6,1925,551,697,1369,2,0,6,1,0,103600
673,11250,Veenker,6,6,1977,767,1208,1208,1,1,6,2,0,165000
674,14442,Crawfor,6,7,1957,1186,1839,1839,2,0,7,2,0,257500
675,9200,NAmes,6,6,1965,892,1136,1136,1,0,5,1,0,140000
676,2289,NPkVill,6,6,1978,311,855,1441,2,1,7,2,0,148500
677,9600,OldTown,4,2,1900,0,1095,1774,2,0,8,3,0,87000
678,9022,OldTown,5,8,1924,0,792,792,1,0,5,1,0,109500
679,11844,StoneBr,8,5,2008,0,2046,2046,2,1,7,3,0,372500
680,9945,Sawyer,5,5,1961,827,988,988,1,0,5,2,0,128500
681,8012,SawyerW,6,5,1980,543,923,923,2,0,5,1,0,143000
682,4500,SWISU,5,5,1932,182,848,1520,1,0,6,1,0,159434
683,2887,ClearCr,6,5,1996,1003,1291,1291,1,0,6,2,0,173000
684,11248,CollgCr,9,5,2002,1059,1668,1668,2,0,7,3,0,285000
685,16770,NoRidge,7,5,1998,0,1195,1839,2,1,7,2,0,221000
686,5062,StoneBr,7,5,1984,828,1190,2090,2,0,6,2,0,207500
687,10207,Somerst,7,6,2007,0,874,1761,3,0,7,2,0,227875
688,5105,Somerst,7,5,2004,239,551,1102,2,1,4,2,0,148800
689,8089,StoneBr,8,6,2007,945,1419,1419,2,0,7,2,0,392000
690,7577,NridgHt,6,5,2005,20,1362,1362,2,0,6,2,0,194700
691,4426,CollgCr,6,5,2004,697,848,848,1,0,3,2,0,141000
692,21535,NoRidge,10,6,1994,1455,2444,4316,3,1,10,3,0,755000
693,26178,Timber,7,5,1989,965,1238,2519,2,1,9,2,0,335000
694,5400,OldTown,5,6,1921,0,1073,1073,1,0,4,1,0,108480
695,6120,BrkSide,5,6,1936,0,1067,1539,1,1,5,2,0,141500
696,13811,Timber,6,6,1987,980,1137,1137,2,0,5,2,0,176000
697,6000,BrkSide,5,7,1921,616,616,616,1,0,4,1,0,89000
698,6420,Edwards,5,7,1952,210,1148,1148,1,0,6,1,0,123500
699,8450,Sawyer,5,8,1965,553,894,894,1,0,5,1,0,138500
700,4282,Somerst,7,5,2004,16,1391,1391,2,0,5,2,0,196000
701,14331,Timber,8,5,2002,1274,1800,1800,2,0,7,3,0,312500
702,9600,NWAmes,7,5,1969,0,1164,1164,1,1,6,2,0,140000
703,12438,StoneBr,8,5,2006,0,1264,2576,2,1,10,3,0,361919
704,7630,OldTown,5,9,1900,0,1032,1812,2,0,8,2,0,140000
705,8400,CollgCr,7,5,2004,712,1484,1484,2,0,7,2,0,213000
706,5600,IDOTRR,4,5,1930,0,372,1092,2,0,7,0,0,55000
707,115149,ClearCr,7,5,1971,1219,1824,1824,2,0,5,2,0,302000
708,6240,NridgHt,8,5,2006,863,1324,1324,2,0,6,2,0,254000
709,9018,Gilbert,7,5,2007,0,728,1456,2,1,8,2,0,179540
710,7162,Sawyer,5,7,1966,0,904,904,1,0,6,1,0,109900
711,4130,BrkSide,3,6,1935,0,729,729,1,0,5,0,0,52000
712,8712,IDOTRR,4,7,1900,0,859,1178,1,0,7,1,0,102776
713,4671,StoneBr,8,5,1988,767,1228,1228,2,0,5,2,0,189000
714,9873,BrkSide,4,5,1970,789,960,960,1,0,6,2,0,129000
715,13517,Sawyer,6,8,1976,533,725,1479,2,1,6,2,0,130500
716,10140,NWAmes,6,5,1974,0,1350,1350,2,0,7,2,0,165000
717,10800,OldTown,7,8,1890,0,1576,2554,1,1,8,2,0,159500
718,10000,NWAmes,5,6,1973,1084,1178,1178,1,1,5,2,0,157000
719,10542,NoRidge,7,5,1993,1173,1325,2418,2,1,9,3,0,341000
720,9920,CollgCr,5,6,1969,523,971,971,1,1,5,1,0,128500
721,6563,StoneBr,8,5,1985,1148,1742,1742,2,0,5,2,0,275000
722,4426,CollgCr,6,5,2004,662,848,848,1,0,3,2,0,143000
723,8120,NAmes,4,7,1970,191,864,864,1,0,5,2,0,124500
724,8172,Edwards,4,6,1954,0,997,1470,2,0,7,1,0,135000
725,13286,Edwards,9,5,2007,1234,1698,1698,2,0,8,3,0,320000
726,6960,NAmes,4,6,1970,375,864,864,1,0,5,2,0,120500
727,21695,Crawfor,6,9,1988,808,1680,1680,2,0,5,2,0,222000
728,7314,CollgCr,7,5,2007,724,1232,1232,2,0,6,2,0,194500
729,11475,NAmes,5,5,1958,0,1776,1776,2,0,9,3,0,110000
730,6240,IDOTRR,4,5,1925,152,848,1208,1,0,5,2,0,103000
731,5389,StoneBr,8,5,1995,1180,1616,1616,2,0,5,2,0,236500
732,9590,Timber,7,5,2003,786,1146,1146,2,0,6,2,0,187500
733,11404,CollgCr,7,5,1998,252,1153,2031,2,1,8,2,0,222500
734,10000,Sawyer,5,6,1961,594,1144,1144,1,0,6,1,0,131400
735,8978,Sawyer,5,5,1968,0,948,948,1,0,6,1,0,108000
736,10800,OldTown,7,7,1914,390,880,1768,1,1,6,2,0,163000
737,8544,NAmes,3,4,1950,0,1040,1040,2,0,6,2,0,93500
738,10463,Gilbert,8,5,2005,0,901,1801,2,1,8,3,0,239900
739,10800,Edwards,5,5,1987,1200,1200,1200,3,0,5,0,0,179000
740,9313,CollgCr,7,5,2004,0,864,1728,2,1,7,2,0,190000
741,9600,OldTown,5,7,1910,0,768,1432,2,0,7,2,0,132000
742,6768,Sawyer,6,8,1961,832,912,912,1,0,5,1,0,142000
743,8450,SawyerW,7,5,2000,0,1349,1349,2,0,6,2,0,179000
744,12886,Sawyer,5,6,1963,444,1464,1464,2,0,6,2,0,175000
745,5395,StoneBr,8,5,1993,733,1337,1337,2,0,5,2,0,180000
746,8963,NWAmes,8,9,1976,575,1175,2715,3,1,11,2,0,299800
747,8795,Gilbert,7,5,2000,300,980,2256,2,1,8,2,0,236000
748,11700,OldTown,7,7,1880,0,1320,2640,1,1,8,4,0,265979
749,10593,NoRidge,7,5,1996,919,1720,1720,2,0,7,2,0,260400
750,8405,Edwards,4,3,1945,0,1088,1529,2,0,9,1,0,98000
751,8800,OldTown,4,7,1910,0,792,1140,1,0,7,0,0,96500
752,7750,Gilbert,7,5,2003,0,660,1320,2,1,6,2,0,162000
753,9236,CollgCr,6,5,1997,1200,1494,1494,2,0,6,2,0,217000
754,10240,NridgHt,8,5,2005,0,1038,2098,2,1,8,3,0,275500
755,7930,NAmes,6,8,1969,439,1026,1026,1,0,5,2,0,156000
756,3230,Somerst,6,5,1999,381,742,1471,2,1,6,2,0,172500
757,10769,CollgCr,8,5,2007,20,866,1768,2,1,7,2,0,212000
758,11616,Sawyer,6,5,1978,438,672,1386,2,1,6,2,0,158900
759,2280,Somerst,7,5,1999,549,757,1501,2,1,6,2,0,179400
760,12257,NoRidge,8,5,1995,56,1328,2531,2,1,9,3,0,290000
761,9100,NAmes,6,6,1959,612,864,864,1,0,5,1,0,127500
762,6911,BrkSide,5,5,1924,405,1301,1301,1,0,5,2,0,100000
763,8640,Somerst,7,5,2009,24,764,1547,2,1,7,2,0,215200
764,9430,NoRidge,8,5,1999,1163,1268,2365,2,1,8,3,0,337000
765,9549,Veenker,8,5,1995,437,1494,1494,1,1,6,2,0,270000
766,14587,Somerst,9,5,2008,0,1506,1506,2,0,6,2,0,264132
767,10421,NWAmes,7,5,1988,394,980,1714,2,1,7,2,0,196500
768,12508,Mitchel,6,7,1940,660,983,1750,2,0,7,1,0,160000
769,9100,CollgCr,7,5,2004,24,1836,1836,2,0,8,2,0,216837
770,53504,StoneBr,8,5,2003,1416,1690,3279,3,1,12,3,0,538000
771,7252,Sawyer,5,5,1982,685,858,858,1,0,5,2,0,134900
772,8877,Edwards,4,5,1951,836,1220,1220,1,0,6,2,0,102000
773,7819,Edwards,6,5,1976,422,1117,1117,1,0,6,2,0,107000
774,10150,NAmes,5,5,1958,456,912,912,1,0,5,1,0,114500
775,14226,NridgHt,8,5,2006,0,1973,1973,2,0,9,3,0,395000
776,4500,Mitchel,6,5,1998,866,1204,1204,2,0,5,2,0,162000
777,11210,CollgCr,7,5,2005,20,1614,1614,2,0,7,3,0,221500
778,13350,Sawyer,5,5,1974,762,894,894,1,0,5,2,0,142500
779,8400,SawyerW,5,5,1977,0,2020,2020,2,0,10,2,0,144000
780,10530,Mitchel,6,5,1977,975,1004,1004,1,0,4,2,0,135000
781,7875,Gilbert,7,5,1995,0,1253,1253,2,0,6,2,0,176000
782,7153,SawyerW,6,5,1992,387,810,1603,2,1,7,2,0,175900
783,16285,CollgCr,7,5,2001,0,1430,1430,2,0,6,2,0,187100
784,9101,Mitchel,5,6,1978,1097,1110,1110,1,0,4,2,0,165500
785,6300,OldTown,6,6,1914,0,742,1484,2,0,9,0,0,128000
786,9790,NWAmes,6,5,1967,251,1342,1342,2,0,7,2,0,161500
787,10800,OldTown,5,6,1915,686,966,1652,2,0,7,1,0,139000
788,10142,SawyerW,7,5,2004,656,956,2084,2,1,8,2,0,233000
789,6000,OldTown,4,7,1954,0,901,901,1,0,4,1,0,107900
790,12205,ClearCr,6,8,1966,568,976,2087,2,1,9,2,0,187500
791,3182,Blmngtn,7,5,2005,16,1145,1145,2,0,5,2,0,160200
792,11333,Mitchel,6,5,1976,539,1062,1062,1,0,5,2,0,146800
793,9920,NoRidge,7,5,1996,862,1127,2013,2,1,8,2,0,269790
794,9158,Somerst,8,5,2007,0,1496,1496,2,0,7,2,0,225000
795,10832,Gilbert,7,5,1994,0,1086,1895,2,1,7,2,0,194500
796,8400,SawyerW,6,6,1980,0,888,1564,2,1,7,2,0,171000
797,8197,Sawyer,6,5,1977,0,1285,1285,1,1,7,2,0,143500
798,7677,NAmes,5,5,1953,570,773,773,1,0,4,1,0,110000
799,13518,NridgHt,9,5,2008,0,1966,3140,3,1,11,3,0,485000
800,7200,SWISU,5,7,1937,569,981,1768,1,1,7,1,0,175000
801,12798,ClearCr,6,5,1997,462,616,1688,2,1,8,2,0,200000
802,4800,IDOTRR,4,7,1916,197,1196,1196,1,0,5,2,0,109900
803,8199,CollgCr,7,5,2005,648,728,1456,2,1,7,2,0,189000
804,13891,NridgHt,9,5,2008,0,1734,2822,3,1,12,3,0,582933
805,9000,NAmes,5,5,1954,812,1128,1128,1,0,5,1,0,118000
806,12274,Somerst,7,5,2008,0,1428,1428,2,0,6,2,0,227680
807,9750,NAmes,5,5,1967,400,980,980,2,0,6,1,0,135500
808,21384,BrkSide,5,6,1923,1309,1072,1576,1,1,6,2,0,223500
809,13400,NAmes,5,5,1966,516,1086,1086,1,0,6,2,0,159950
810,8100,OldTown,5,5,1898,0,1075,2138,2,0,11,2,0,106000
811,10140,NWAmes,6,6,1974,663,1309,1309,1,1,5,2,648,181000
812,4438,CollgCr,6,5,2004,662,848,848,1,0,4,2,0,144500
813,8712,IDOTRR,5,5,1952,0,1044,1044,1,0,4,2,0,55993
814,9750,NAmes,6,6,1958,608,1442,1442,1,1,7,1,0,157900
815,8248,Edwards,5,7,1918,0,686,1250,1,1,7,1,0,116000
816,12137,CollgCr,7,5,1998,0,1661,1661,2,0,6,2,0,224900
817,11425,NAmes,5,6,1954,486,1008,1008,1,0,4,1,0,137000
818,13265,Mitchel,8,5,2002,1218,1689,1689,2,0,7,3,0,271000
819,8816,ClearCr,6,7,1971,504,1052,1052,1,0,6,2,0,155000
820,6371,NridgHt,7,5,2009,733,1358,1358,2,0,6,2,0,224000
821,7226,CollgCr,7,5,2003,0,798,1640,2,1,6,2,0,183000
822,6000,OldTown,4,4,1953,0,936,936,1,0,4,2,0,93000
823,12394,Gilbert,7,5,2003,0,847,1733,2,1,7,2,0,225000
824,9900,SWISU,6,7,1940,0,944,1489,2,0,7,1,0,139500
825,11216,Somerst,8,5,2006,0,1489,1489,2,0,7,2,0,232600
826,14803,NridgHt,10,5,2007,1636,2084,2084,2,0,7,3,0,385000
827,6130,BrkSide,5,6,1924,784,784,784,1,0,5,0,0,109500
828,8529,SawyerW,7,5,2001,20,1434,1434,2,0,6,2,0,189000
829,28698,ClearCr,5,5,1967,249,1160,2126,2,1,7,2,0,185000
830,2544,Somerst,7,5,2005,0,520,1223,2,1,4,2,0,147400
831,11900,NAmes,6,5,1957,1040,1392,1392,1,1,6,2,0,166000
832,3180,Somerst,7,5,2005,0,520,1200,2,1,4,2,0,151000
833,9548,CollgCr,7,6,2003,483,941,1829,2,1,7,2,0,237000
834,10004,NAmes,6,6,1964,196,1516,1516,1,1,6,2,0,167000
835,7875,NAmes,5,6,1961,572,1144,1144,1,0,6,2,0,139950
836,9600,Sawyer,4,7,1950,442,1067,1067,2,0,4,2,0,128000
837,8100,OldTown,5,6,1948,338,1559,1559,1,0,5,2,0,153500
838,1680,BrDale,6,5,1973,330,483,987,1,1,5,1,0,100000
839,9525,CollgCr,5,6,1995,0,1099,1099,1,1,6,1,0,144000
840,11767,Edwards,5,6,1946,352,768,1200,1,0,6,1,0,130500
841,12155,SWISU,6,8,1925,156,810,1482,2,0,7,1,0,140000
842,10440,OldTown,5,8,1904,0,958,1539,2,0,8,2,0,157500
843,9020,NAmes,6,7,1966,312,1165,1165,1,1,6,2,0,174900
844,8000,NAmes,5,4,1961,0,1800,1800,2,0,10,0,0,141000
845,12665,OldTown,5,8,1915,0,876,1416,1,1,7,3,0,153900
846,16647,Sawyer,5,5,1975,1390,1701,1701,2,0,6,2,0,171000
847,9317,SawyerW,7,5,1993,513,1006,1775,2,1,7,2,0,213000
848,15523,CollgCr,5,6,1972,460,864,864,1,0,5,1,0,133500
849,45600,ClearCr,6,8,1908,0,1307,2358,3,0,10,2,0,240000
850,9600,Veenker,6,7,1976,0,1094,1855,2,1,7,2,0,187000
851,4435,CollgCr,6,5,2003,659,848,848,1,0,3,2,0,131500
852,3196,Blmngtn,8,5,2003,0,1456,1456,2,0,7,2,0,215000
853,7128,Crawfor,7,5,1941,364,918,1646,2,0,7,1,0,164000
854,12095,NAmes,6,6,1964,564,1445,1445,1,1,7,2,0,158000
855,17920,Sawyer,5,4,1955,306,1779,1779,1,1,6,2,0,170000
856,6897,Sawyer,5,8,1962,659,1040,1040,1,1,6,1,0,127000
857,10970,CollgCr,6,6,1978,505,1026,1026,1,0,5,2,0,147000
858,8125,Gilbert,6,5,1994,0,702,1481,2,1,6,2,0,174000
859,10400,NWAmes,7,5,1976,0,1370,1370,2,0,6,2,0,152000
860,11029,NWAmes,6,7,1968,619,1512,2654,2,1,9,2,0,250000
861,7642,Crawfor,7,8,1918,0,912,1426,1,1,7,1,0,189950
862,11625,Sawyer,5,4,1965,841,1039,1039,1,1,6,2,0,131500
863,9672,SawyerW,6,5,1984,338,1097,1097,2,0,6,2,0,152000
864,7931,NAmes,5,5,1959,1148,1148,1148,1,0,6,1,0,132500
865,8640,Somerst,7,5,2007,0,1372,1372,2,0,6,2,0,250580
866,8750,NAmes,5,6,1970,828,1002,1002,1,0,5,2,0,148500
867,10656,Timber,8,5,2006,0,1646,1646,2,0,6,3,0,248900
868,6970,Sawyer,4,5,1961,932,1120,1120,1,1,5,2,0,129000
869,14762,Gilbert,5,6,1948,0,1547,2320,2,0,7,2,0,169000
870,9938,SawyerW,7,5,1993,750,1062,1949,2,1,8,2,0,236000
871,6600,NAmes,5,5,1962,0,894,894,1,0,5,1,0,109500
872,8750,CollgCr,6,5,1998,505,804,1682,2,1,7,2,0,200500
873,8892,NAmes,5,7,1953,0,910,910,1,0,5,2,0,116000
874,12144,NAmes,5,7,1949,375,1036,1268,1,0,6,1,0,133000
875,5720,OldTown,5,6,1941,0,676,1131,1,1,5,1,0,66500
876,9000,Somerst,8,5,2007,64,1184,2610,2,1,11,2,0,303477
877,25286,Mitchel,4,5,1963,633,1040,1040,1,0,5,2,0,132250
878,8834,NridgHt,9,5,2004,1170,1462,2224,2,1,10,3,0,350000
879,11782,Sawyer,5,7,1961,899,1155,1155,1,0,6,2,0,148000
880,7000,CollgCr,5,8,1978,646,864,864,1,0,6,1,0,136500
881,7024,Edwards,5,5,2005,980,1090,1090,1,1,5,2,0,157000
882,13758,Timber,7,5,1990,902,1187,1717,2,1,7,2,0,187500
883,9636,Gilbert,6,5,1992,0,808,1593,2,1,7,2,0,178000
884,6204,SWISU,4,5,1912,0,954,2230,1,0,10,1,0,118500
885,7150,NAmes,5,5,1967,432,892,892,1,0,5,1,0,100000
886,5119,Somerst,9,5,1999,1238,1709,1709,2,0,5,2,0,328900
887,8393,NAmes,5,5,1959,528,1712,1712,2,0,8,2,0,145000
888,16466,Edwards,5,7,1955,0,872,1393,1,1,8,1,0,135500
889,15865,NAmes,8,6,1970,351,2217,2217,2,0,8,2,0,268000
890,12160,NAmes,6,4,1953,1024,1505,1505,1,0,6,2,0,149500
891,8064,NAmes,5,7,1949,0,672,924,1,0,6,2,0,122900
892,11184,Sawyer,6,5,1978,226,918,1683,2,1,7,2,0,172500
893,8414,Sawyer,6,8,1963,663,1068,1068,1,0,6,1,0,154500
894,13284,Sawyer,5,5,1954,1064,1383,1383,1,0,6,1,0,165000
895,7018,SawyerW,5,5,1979,0,1535,1535,2,0,8,2,0,118858
896,7056,NAmes,6,5,1963,400,983,1796,1,1,8,2,0,140000
897,8765,IDOTRR,4,6,1936,285,951,951,1,0,6,1,0,106500
898,7018,SawyerW,5,5,1979,0,1120,2240,2,0,12,2,0,142953
899,12919,NridgHt,9,5,2009,2188,2364,2364,2,1,11,3,0,611657
900,6993,Sawyer,5,7,1961,465,1236,1236,1,0,6,1,0,135000
901,7340,NAmes,4,6,1971,322,858,858,1,0,4,1,0,110000
902,8712,NAmes,5,7,1957,860,1306,1306,1,0,5,1,0,153000
903,7875,Gilbert,7,5,2003,0,807,1509,2,1,8,2,0,180000
904,14859,Gilbert,7,5,2006,0,1670,1670,2,0,7,3,0,240000
905,6173,Sawyer,5,6,1967,599,902,902,1,0,6,1,0,125500
906,9920,NAmes,5,5,1954,354,1063,1063,1,0,6,1,0,128000
907,13501,Somerst,8,5,2006,63,1636,1636,2,0,8,3,0,255000
908,11500,Crawfor,7,7,1936,223,1020,2057,1,1,6,1,0,250000
909,8885,Mitchel,5,5,1983,301,902,902,1,0,5,2,0,131000
910,12589,Gilbert,6,5,2005,0,742,1484,2,1,8,2,0,174000
911,11600,NAmes,5,5,1960,443,1105,2274,2,0,12,2,0,154300
912,9286,CollgCr,5,7,1977,196,1268,1268,1,1,5,1,0,143500
913,6120,BrkSide,5,7,1925,489,1015,1015,1,0,6,1,0,88000
914,6270,Crawfor,5,6,1949,284,1001,2002,2,0,8,3,0,145000
915,3000,Somerst,6,5,2009,294,612,1224,2,1,4,2,0,173733
916,2001,MeadowV,4,5,1970,0,546,1092,1,1,6,1,0,75000
917,9000,IDOTRR,2,3,1949,50,480,480,0,0,4,1,0,35311
918,17140,Edwards,4,6,1956,1059,1229,1229,1,0,6,1,0,135000
919,13125,SawyerW,7,5,1991,48,912,2127,2,1,8,3,0,238000
920,11029,NAmes,6,8,1958,528,1414,1414,1,0,6,2,0,176500
921,8462,SawyerW,6,5,1994,814,936,1721,2,1,7,2,0,201000
922,8777,Edwards,5,7,1900,1084,1272,2200,2,2,9,0,0,145900
923,10237,Gilbert,6,5,2005,28,1316,1316,2,0,6,2,0,169990
924,8012,SawyerW,6,5,1993,165,1617,1617,2,0,5,2,0,193000
925,10240,NWAmes,6,6,1980,625,1686,1686,2,0,7,2,0,207500
926,15611,NWAmes,5,6,1977,767,1126,1126,2,0,6,2,0,175000
927,11999,NridgHt,8,5,2003,0,1234,2374,2,1,10,3,0,285000
928,9900,NWAmes,7,5,1968,552,1098,1978,2,1,9,2,0,176000
929,11838,CollgCr,8,5,2001,0,1788,1788,2,0,7,2,0,236500
930,13006,Gilbert,7,5,1997,0,993,2236,2,1,8,2,0,222000
931,8925,Timber,8,5,2007,16,1466,1466,2,0,7,3,0,201000
932,9100,NAmes,5,6,1965,338,925,925,1,0,5,1,0,117500
933,11670,Somerst,9,5,2006,0,1905,1905,2,0,8,3,0,320000
934,8487,CollgCr,7,5,2004,20,1500,1500,2,0,6,2,0,190000
935,27650,NAmes,7,7,1960,425,2069,2069,2,0,9,2,0,242000
936,5825,BrkSide,4,5,1926,0,747,747,1,0,5,2,0,79900
937,10083,SawyerW,7,5,2003,833,1200,1200,2,0,5,2,0,184900
938,9675,Somerst,7,5,2005,341,1113,1971,2,1,8,2,0,253000
939,8760,CollgCr,7,5,2006,464,1391,1962,2,1,7,3,0,239799
940,24090,ClearCr,7,7,1940,0,1207,2403,2,0,10,1,0,244400
941,12640,Mitchel,6,5,1976,936,1728,1728,2,0,8,2,0,150900
942,8755,Gilbert,7,5,1999,772,1022,2060,2,1,8,2,0,214000
943,7711,Edwards,4,3,1977,1440,1440,1440,2,0,8,0,0,150000
944,25000,Mitchel,5,4,1967,0,1632,1632,2,0,8,2,0,143000
945,14375,Timber,6,6,1958,111,1344,1344,1,0,7,2,0,137500
946,8820,OldTown,5,6,1890,1088,1188,1869,1,0,7,2,0,124900
947,8163,NAmes,5,6,1959,748,1144,1144,1,0,6,1,0,143000
948,14536,Timber,8,5,2002,1300,1629,1629,2,0,9,3,0,270000
949,14006,CollgCr,7,5,2002,0,936,1776,2,1,7,2,0,192500
950,9360,NWAmes,6,7,1972,982,1381,1381,1,1,5,2,0,197500
951,7200,NAmes,5,8,1950,398,864,864,1,0,5,2,0,129000
952,7800,SawyerW,5,5,1965,641,965,965,1,0,6,1,0,119900
953,7200,CollgCr,5,8,1972,660,768,768,1,0,5,1,0,133900
954,11075,Mitchel,5,4,1969,562,1168,1968,2,1,7,2,0,172000
955,9400,Edwards,6,5,1975,945,980,980,2,0,4,0,0,127500
956,7136,Crawfor,6,6,1946,484,979,1958,2,0,8,2,0,145000
957,1300,Blueste,6,6,1980,285,561,1229,1,1,5,2,0,124000
958,7420,Sawyer,5,5,1962,417,1057,1057,1,0,6,2,0,132000
959,8450,CollgCr,7,5,2003,699,1337,1337,2,0,6,2,0,185000
960,2572,Somerst,7,5,1999,604,696,1416,2,1,6,2,0,155000
961,7207,BrkSide,5,7,1958,696,858,858,1,0,4,0,0,116500
962,12227,NWAmes,6,7,1977,896,1542,2872,2,1,11,2,0,272000
963,2308,NPkVill,6,6,1976,556,804,1548,2,1,7,2,0,155000
964,11923,CollgCr,9,5,2007,0,1800,1800,2,0,7,2,0,239000
965,11316,Timber,7,5,2002,624,824,1894,2,1,8,2,0,214900
966,10237,Gilbert,6,5,2005,0,783,1484,2,1,8,2,0,178900
967,9600,Crawfor,5,7,1940,428,976,1308,1,1,7,1,0,160000
968,7390,NAmes,5,7,1955,902,1098,1098,1,0,6,1,0,135000
969,5925,OldTown,3,6,1910,0,600,968,1,0,6,0,0,37900
970,10382,NAmes,6,5,1958,513,1095,1095,1,0,6,1,0,140000
971,10800,NAmes,4,4,1949,0,720,1192,1,1,6,0,0,135000
972,2268,NridgHt,7,5,2003,567,764,1626,2,0,6,2,0,173000
973,7892,SawyerW,6,5,1979,0,918,918,2,0,5,1,0,99500
974,11639,Somerst,7,5,2007,0,1428,1428,2,0,6,2,0,182000
975,11414,BrkSide,7,8,1910,0,1136,2019,1,0,8,2,0,167500
976,2651,Somerst,7,5,2000,641,673,1382,2,1,6,2,0,165000
977,5900,BrkSide,4,7,1923,0,869,869,1,0,4,0,0,85500
978,4274,Somerst,7,5,2006,1106,1241,1241,1,1,4,2,0,199900
979,9450,Edwards,4,5,1954,552,894,894,1,0,5,2,0,110000
980,8816,Sawyer,5,6,1963,651,1121,1121,1,0,5,2,0,139000
981,12122,NAmes,7,9,1961,867,999,999,1,0,6,2,0,178400
982,12203,NoRidge,8,5,1998,854,1276,2612,2,1,8,3,0,336000
983,3182,Blmngtn,7,5,2007,0,1266,1266,2,0,6,2,0,159895
984,11250,CollgCr,8,5,2002,0,1149,2290,2,1,9,2,0,255900
985,10125,Mitchel,5,5,1977,0,1302,1734,2,0,8,2,0,126000
986,10880,Edwards,5,5,1950,1040,1164,1164,1,0,5,1,0,125000
987,5310,OldTown,6,8,1910,0,1001,1635,1,0,5,1,0,117000
988,10159,NridgHt,9,5,2009,1646,1940,1940,2,1,8,3,0,395192
989,12046,NWAmes,6,6,1976,156,1118,2030,2,1,8,2,0,195000
990,8125,Somerst,7,5,2006,0,778,1576,2,1,6,2,0,197000
991,9452,NoRidge,8,5,1997,1074,1407,2392,2,1,7,3,0,348000
992,17671,OldTown,8,9,1882,216,916,1742,1,1,8,2,0,168000
993,9760,NAmes,6,8,1964,536,1020,1851,2,1,7,2,0,187000
994,8846,CollgCr,6,5,2005,0,750,1500,2,1,6,2,0,173900
995,12456,NridgHt,10,5,2006,1172,1718,1718,2,0,7,3,0,337500
996,4712,BrkSide,4,7,1946,384,774,1230,1,1,5,1,0,121600
997,10659,NAmes,5,6,1961,915,1050,1050,1,0,6,1,0,136500
998,11717,NWAmes,6,6,1970,0,1442,1442,2,0,6,2,0,185000
999,9786,IDOTRR,3,4,1922,0,1077,1077,1,0,6,1,0,91000
1000,6762,CollgCr,7,5,2006,686,1208,1208,2,0,6,2,0,206000
1001,10206,Edwards,3,3,1952,0,944,944,1,0,4,2,0,82000
1002,5400,OldTown,5,6,1920,0,691,691,1,0,4,1,0,86000
1003,11957,Somerst,8,5,2006,24,1574,1574,2,0,7,3,0,232000
1004,11500,NWAmes,5,6,1976,0,1680,1680,2,0,8,2,0,136905
1005,3182,Blmngtn,7,5,2005,16,1504,1504,2,0,7,2,0,181000
1006,8385,CollgCr,5,8,1977,595,985,985,2,0,6,1,0,149900
1007,12155,NAmes,6,3,1970,1237,1657,1657,2,0,7,2,0,163500
1008,2217,MeadowV,4,4,1970,273,546,1092,1,1,6,1,0,88000
1009,12118,Mitchel,7,5,2004,0,1710,1710,2,0,7,2,0,240000
1010,6000,SWISU,5,5,1926,0,1008,1522,2,0,7,0,0,102000
1011,21286,Sawyer,5,5,1948,0,720,1271,2,0,7,1,0,135000
1012,9825,Edwards,5,5,1965,0,1664,1664,2,0,8,0,0,100000
1013,10592,Crawfor,6,7,1923,0,900,1502,1,1,7,1,0,165000
1014,7200,OldTown,5,4,1910,247,1022,1022,1,0,4,1,0,85000
1015,11664,NAmes,6,5,1948,336,1082,1082,1,0,5,1,0,119200
1016,8400,NWAmes,8,6,2001,643,810,1665,2,1,6,2,0,227000
1017,11883,CollgCr,7,5,1996,690,1504,1504,2,0,6,2,0,203000
1018,5814,StoneBr,8,5,1984,1036,1360,1360,1,0,4,2,0,187500
1019,10784,Gilbert,7,5,1991,0,802,1472,2,1,7,2,0,160000
1020,3013,Blmngtn,7,5,2005,16,1506,1506,2,0,6,2,0,213490
1021,7024,Edwards,4,5,2005,1024,1132,1132,1,1,5,2,0,176000
1022,7406,CollgCr,7,5,2006,684,1220,1220,2,0,6,2,0,194000
1023,9439,OldTown,5,5,1930,324,912,1248,1,0,6,1,0,87000
1024,3182,Blmngtn,7,5,2005,16,1504,1504,2,0,7,2,0,191000
1025,15498,Timber,8,6,1976,1165,2898,2898,2,0,10,2,0,287000
1026,7700,CollgCr,5,5,1972,138,882,882,1,0,5,2,0,112500
1027,9300,NAmes,5,5,1960,697,1264,1264,1,0,6,2,0,167500
1028,9520,Timber,8,5,2007,1513,1646,1646,2,0,7,3,0,293077
1029,9492,NAmes,5,5,1941,368,968,1376,1,0,6,1,0,105000
1030,1680,BrDale,6,7,1972,317,672,1218,1,1,7,1,0,118000
1031,7082,SWISU,5,8,1916,0,948,1928,2,0,10,0,0,160000
1032,15863,SWISU,7,3,1920,523,1687,3082,2,1,12,2,0,197000
1033,14541,NoRidge,8,7,1993,1012,1352,2520,2,1,10,3,0,310000
1034,8125,CollgCr,7,5,2002,986,1654,1654,2,0,6,3,0,230000
1035,6305,Crawfor,5,7,1938,0,954,954,1,0,5,1,0,119750
1036,11500,Edwards,4,3,1957,0,845,845,1,0,5,1,0,84000
1037,12898,Timber,9,5,2007,1022,1620,1620,2,0,6,3,0,315500
1038,9240,CollgCr,8,5,2001,0,1055,2263,2,1,7,2,0,287000
1039,1533,MeadowV,4,6,1970,0,798,1344,1,1,6,0,0,97000
1040,1477,MeadowV,4,4,1970,509,630,630,1,0,3,1,0,80000
1041,13125,Sawyer,5,4,1957,168,1803,1803,2,0,8,2,0,155000
1042,9130,NWAmes,6,8,1966,400,800,1632,1,1,7,2,0,173000
1043,5381,NridgHt,6,5,2005,900,1306,1306,2,0,5,2,0,196000
1044,11839,SawyerW,7,5,1990,1085,1532,2329,2,1,10,2,0,262280
1045,9600,NWAmes,8,5,1981,1104,2524,2524,2,1,9,2,0,278000
1046,13680,Edwards,3,5,1955,0,1733,1733,2,0,8,2,0,139600
1047,16056,StoneBr,9,5,2005,240,1992,2868,3,1,11,3,0,556581
1048,9245,CollgCr,5,5,1994,686,990,990,1,0,5,2,0,145000
1049,21750,Mitchel,5,4,1960,0,1771,1771,1,0,9,2,0,115000
1050,11100,Edwards,4,7,1946,0,930,930,1,0,6,1,0,84900
1051,8993,Gilbert,7,5,2007,0,1302,1302,2,0,6,2,0,176485
1052,11175,CollgCr,7,5,2007,0,1316,1316,2,0,6,2,0,200141
1053,9500,NAmes,6,6,1964,442,1127,1977,1,1,9,2,0,165000
1054,8562,Edwards,5,6,1957,383,1526,1526,1,0,7,1,0,144500
1055,11367,CollgCr,8,5,2002,932,1091,1989,2,1,7,2,0,255000
1056,11361,NWAmes,6,5,1976,644,1523,1523,2,0,7,2,0,180000
1057,7052,NridgHt,7,5,2005,659,1364,1364,2,0,6,2,0,185850
1058,29959,NoRidge,7,6,1994,595,979,1850,2,1,7,2,0,248000
1059,11308,NridgHt,9,5,2008,936,1130,2184,2,1,10,3,0,335000
1060,11275,Crawfor,6,7,1932,297,1096,1991,1,1,7,2,0,220000
1061,4920,StoneBr,8,5,2001,616,1338,1338,2,0,6,2,0,213500
1062,18000,IDOTRR,3,4,1935,0,894,894,1,0,6,3,0,81000
1063,13600,OldTown,5,5,1900,0,1422,2337,2,0,10,2,0,90000
1064,6000,OldTown,6,6,1925,397,1103,1103,1,0,5,2,0,110500
1065,11000,NAmes,5,6,1966,740,1154,1154,1,1,6,2,0,154000
1066,14000,ClearCr,7,5,1996,1201,1306,2260,2,1,7,2,0,328000
1067,7837,Gilbert,6,7,1993,0,799,1571,2,1,7,2,0,178000
1068,9760,NAmes,6,6,1964,674,798,1611,1,1,7,2,0,167900
1069,3964,MeadowV,6,4,1973,837,1291,2521,2,1,10,2,0,151400
1070,9600,NAmes,5,7,1949,220,893,893,1,0,4,2,0,135000
1071,10152,NAmes,5,5,1956,586,1048,1048,1,0,6,1,0,135000
1072,11700,NWAmes,6,6,1968,298,829,1556,1,1,8,2,0,154000
1073,7585,Edwards,5,3,1948,0,1002,1456,1,0,7,1,0,91500
1074,7950,Edwards,6,6,1977,535,698,1426,1,1,6,2,0,159500
1075,8556,CollgCr,7,5,2006,0,1240,1240,2,0,5,3,0,194000
1076,13125,Crawfor,7,6,1940,410,960,1740,1,1,6,1,0,219500
1077,10800,OldTown,5,8,1936,626,1096,1466,2,0,7,2,0,170000
1078,15870,NAmes,5,5,1969,75,1096,1096,1,0,6,1,0,138800
1079,4435,CollgCr,6,5,2004,662,848,848,1,0,3,2,0,155900
1080,8775,CollgCr,5,5,1994,495,990,990,1,0,5,1,0,126000
1081,11040,NWAmes,6,7,1971,656,1258,1258,2,0,5,2,0,145000
1082,7500,Sawyer,5,5,1963,824,1040,1040,1,1,5,1,0,133000
1083,8749,CollgCr,7,5,2002,0,1459,1459,2,0,6,2,0,192000
1084,8800,NAmes,6,6,1964,553,1251,1251,1,0,6,1,0,160000
1085,13031,Gilbert,6,5,1995,592,691,1498,2,1,6,2,0,187500
1086,9069,SawyerW,6,6,1992,747,996,996,1,0,5,2,0,147000
1087,1974,MeadowV,4,5,1973,334,546,1092,1,1,6,1,0,83500
1088,10574,Somerst,8,5,2005,0,1082,1953,2,1,9,3,0,252000
1089,2522,Edwards,7,5,2004,0,970,1709,2,0,7,2,0,137500
1090,3316,Somerst,8,5,2005,1039,1247,1247,1,1,4,2,0,197000
1091,8544,NAmes,3,4,1950,0,1040,1040,2,0,6,2,0,92900
1092,2160,Somerst,7,5,1999,510,624,1252,2,1,4,2,0,160000
1093,8400,SWISU,6,5,1925,423,1390,1694,2,0,7,2,0,136500
1094,9230,NAmes,5,8,1965,661,1200,1200,1,1,6,2,0,146000
1095,5868,NAmes,5,7,1956,248,936,936,1,0,4,1,0,129000
1096,9317,CollgCr,6,5,2006,24,1314,1314,2,0,6,2,0,176432
1097,6882,IDOTRR,6,7,1914,0,773,1355,1,1,7,0,0,127000
1098,3696,StoneBr,8,5,1986,0,1088,1088,1,1,5,2,0,170000
1099,6000,BrkSide,4,6,1936,672,757,1324,1,0,6,1,0,128000
1100,11880,NWAmes,7,5,1978,704,1601,1601,2,0,7,2,0,157000
1101,8400,SWISU,2,5,1920,290,438,438,1,0,3,1,0,60000
1102,9758,NAmes,5,5,1971,412,950,950,1,0,5,1,0,119500
1103,7000,NAmes,5,7,1960,588,1134,1134,1,0,6,1,0,135000
1104,8910,NAmes,6,6,1959,655,1194,1194,1,0,6,2,0,159500
1105,2016,BrDale,5,5,1970,0,630,1302,2,1,6,2,0,106000
1106,12256,NoRidge,8,5,1994,1032,1500,2622,2,1,9,2,0,325000
1107,10357,SawyerW,7,5,1990,738,1442,1442,2,0,6,2,0,179900
1108,23257,Gilbert,7,5,2006,0,887,2021,2,1,9,2,0,274725
1109,8063,Gilbert,6,5,2000,0,948,1690,2,1,7,2,0,181000
1110,11362,NridgHt,8,5,2004,1039,1836,1836,2,0,7,3,0,280000
1111,8000,Gilbert,6,5,1995,219,773,1658,2,1,8,2,0,188000
1112,10480,NWAmes,7,6,1976,403,1098,1964,2,1,8,2,0,205000
1113,7100,NAmes,5,7,1957,708,816,816,1,0,5,1,0,129900
1114,8923,NAmes,5,7,1953,643,1008,1008,1,0,6,1,0,134500
1115,5400,OldTown,5,7,1954,415,833,833,1,0,4,1,0,117000
1116,12085,NridgHt,8,5,2007,1004,1734,1734,2,0,7,3,0,318000
1117,7750,Gilbert,8,5,2002,353,779,1419,2,1,7,2,0,184100
1118,9764,Sawyer,5,7,1967,702,894,894,1,0,5,2,0,130000
1119,13825,Sawyer,5,6,1958,0,1021,1601,1,0,6,1,0,140000
1120,7560,NAmes,5,5,1959,369,1040,1040,1,0,6,1,0,133700
1121,8263,IDOTRR,6,5,1920,0,1012,1012,1,0,6,1,0,118400
1122,10084,CollgCr,7,5,2005,24,1552,1552,2,0,7,3,0,212900
1123,8926,Edwards,4,3,1956,0,960,960,1,0,5,1,0,112000
1124,9405,Edwards,5,9,1947,0,698,698,1,0,4,0,0,118000
1125,9125,Gilbert,7,5,1992,0,812,1482,2,1,7,2,0,163900
1126,10434,NAmes,4,5,1955,0,1005,1005,1,0,5,2,0,115000
1127,3684,Blmngtn,7,5,2007,0,1555,1555,2,0,7,3,0,174000
1128,14572,Gilbert,7,5,2004,1300,1530,1530,2,0,7,3,0,259000
1129,11796,Gilbert,7,5,2004,0,847,1959,2,1,8,2,0,215000
1130,7200,OldTown,5,5,1980,936,936,936,1,0,4,2,0,140000
1131,7804,SWISU,4,3,1928,622,1328,1981,2,0,7,2,0,135000
1132,10712,Mitchel,5,5,1991,212,974,974,1,0,5,0,0,93500
1133,9900,OldTown,6,4,1880,0,1178,2210,2,0,8,1,0,117500
1134,9828,SawyerW,8,5,1995,584,1142,2020,2,1,8,2,0,239500
1135,8773,Gilbert,6,5,1997,0,916,1600,2,1,7,2,0,169000
1136,6180,BrkSide,6,5,1926,0,986,986,1,0,5,1,0,102000
1137,9600,NAmes,6,5,1950,280,1032,1252,1,0,6,1,0,119000
1138,6342,Sawyer,5,8,1875,0,780,1020,1,0,6,0,0,94000
1139,9819,Mitchel,6,5,1977,1567,1567,1567,2,0,5,2,0,196000
1140,8731,BrkSide,5,5,1920,645,1167,1167,1,0,6,2,0,144000
1141,7350,NAmes,5,7,1951,852,952,952,1,0,4,2,0,139000
1142,10304,NWAmes,5,7,1976,381,1088,1868,2,1,9,2,0,197500
1143,9965,CollgCr,8,5,2006,1150,1466,2828,3,0,11,3,0,424870
1144,9000,Sawyer,5,3,1959,288,1006,1006,1,0,5,0,0,80000
1145,12180,Edwards,4,4,1941,348,672,924,1,0,5,1,0,80000
1146,6240,BrkSide,5,6,1928,0,1042,1576,1,0,8,1,0,149000
1147,11200,SawyerW,6,5,1985,1258,1298,1298,2,0,5,2,0,180000
1148,12000,Crawfor,7,7,1941,275,860,1564,1,1,7,1,0,174500
1149,5700,OldTown,7,7,1926,0,572,1111,1,0,5,1,0,116900
1150,9000,OldTown,7,9,1920,624,832,1482,1,0,7,2,0,143000
1151,8280,NAmes,6,5,1950,0,932,932,1,0,4,1,0,124000
1152,17755,Edwards,5,4,1959,176,1466,1466,1,1,6,2,0,149900
1153,14115,Crawfor,6,7,1956,296,1811,1811,1,0,6,2,0,230000
1154,5890,IDOTRR,6,8,1930,538,816,816,1,0,5,1,0,120500
1155,13700,NAmes,7,6,1965,454,902,1820,1,2,8,2,0,201800
1156,10768,Veenker,5,8,1976,1157,1437,1437,2,0,6,2,0,218000
1157,9350,NAmes,5,8,1965,633,1265,1265,2,0,6,2,0,179900
1158,5001,NridgHt,7,5,2007,904,1314,1314,2,0,6,2,0,230000
1159,11932,Somerst,8,5,2007,0,1580,1580,2,0,7,3,0,235128
1160,9120,NWAmes,6,6,1974,442,943,1876,2,1,8,2,0,185000
1161,2280,NPkVill,6,5,1978,311,855,1456,2,1,7,2,0,146000
1162,14778,Crawfor,6,7,1954,728,1640,1640,1,0,7,2,0,224000
1163,8724,Sawyer,5,5,1968,492,894,894,1,0,5,2,0,129000
1164,12900,Sawyer,4,4,1969,1198,1258,1258,0,2,6,2,0,108959
1165,16157,Veenker,5,7,1978,680,1432,1432,1,1,5,2,0,194000
1166,9541,NridgHt,7,5,2009,0,1502,1502,2,0,7,2,0,233170
1167,10475,CollgCr,8,5,2008,0,1694,1694,2,0,7,3,0,245350
1168,10852,Gilbert,6,5,2000,786,959,1671,2,1,7,2,0,173000
1169,13728,Edwards,6,7,1935,626,1236,2108,2,0,7,2,0,235000
1170,35760,NoRidge,10,5,1995,1387,1831,3627,3,1,10,3,0,625000
1171,9880,Mitchel,6,6,1977,522,1118,1118,1,0,6,1,576,171000
1172,9120,NAmes,6,6,1958,662,1261,1261,1,0,6,2,0,163000
1173,4017,Somerst,7,5,2006,0,625,1250,2,1,5,2,0,171900
1174,18030,ClearCr,5,6,1946,152,1636,3086,3,0,12,0,0,200500
1175,16560,Crawfor,6,8,1932,503,1170,2345,2,1,9,2,0,239000
1176,10678,NoRidge,8,5,1992,700,2129,2872,2,1,9,2,0,285000
1177,6951,Mitchel,5,5,1984,658,923,923,1,0,5,1,0,119500
1178,3950,OldTown,6,8,1926,468,818,1224,1,0,5,1,0,115000
1179,7681,Crawfor,5,6,1921,0,820,1343,1,1,7,1,0,154900
1180,8335,Edwards,5,5,1954,0,1124,1124,1,0,5,0,0,93000
1181,11170,Timber,7,5,1990,1216,1298,2514,2,1,8,2,0,250000
1182,5587,Crawfor,8,5,2008,1480,1652,1652,2,0,5,2,0,392500
1183,15623,NoRidge,10,5,1996,2096,2411,4476,3,1,10,3,555,745000
1184,10800,OldTown,5,6,1920,821,1130,1130,1,0,5,2,0,120000
1185,35133,Timber,5,4,1963,1159,1572,1572,1,1,5,3,0,186700
1186,9738,Edwards,5,7,1924,392,949,1221,1,0,7,1,0,104900
1187,10615,OldTown,3,5,1900,440,1014,1699,2,0,7,2,0,95000
1188,12461,NoRidge,8,5,1994,1456,1624,1624,2,0,5,3,0,262000
1189,8935,CollgCr,7,5,2002,0,831,1660,2,1,7,2,0,195000
1190,7500,Gilbert,7,5,1999,0,1028,1804,2,1,7,2,0,189000
1191,32463,Mitchel,4,4,1961,1159,1622,1622,1,0,7,4,0,168000
1192,2645,Somerst,8,5,1999,0,764,1441,2,1,5,2,0,174000
1193,9600,OldTown,5,8,1925,0,842,1472,1,0,6,1,0,125000
1194,4500,Mitchel,6,5,1999,883,1224,1224,2,0,5,2,0,165000
1195,9364,Sawyer,6,7,1969,371,663,1352,1,1,7,1,0,158000
1196,8029,Gilbert,6,5,2005,0,728,1456,2,1,8,2,0,176000
1197,14054,Gilbert,7,5,2006,0,879,1863,2,1,9,3,0,219210
1198,8850,OldTown,7,6,1916,0,815,1690,1,0,7,1,0,144000
1199,9100,CollgCr,7,5,2001,0,1212,1212,2,0,6,2,0,178000
1200,11235,Sawyer,4,5,1963,547,1382,1382,1,1,6,2,0,148000
1201,9353,NAmes,4,5,1970,0,864,864,1,0,5,1,0,116050
1202,10400,CollgCr,7,5,1998,0,866,1779,2,1,6,2,0,197900
1203,6000,BrkSide,5,8,1925,0,884,1348,1,0,5,1,0,117000
1204,9750,CollgCr,7,5,2000,0,1630,1630,2,0,6,2,0,213000
1205,10140,NWAmes,5,6,1975,788,1074,1074,1,1,6,2,0,153500
1206,14684,SawyerW,7,7,1990,485,2196,2196,2,0,7,3,0,271900
1207,8900,SawyerW,4,4,1966,1056,1056,1056,1,0,5,1,0,107000
1208,9135,CollgCr,6,5,2003,340,1700,1700,2,0,7,2,0,200000
1209,7763,NAmes,5,7,1962,504,1283,1283,1,0,6,2,0,140000
1210,10182,Somerst,8,5,2006,1220,1660,1660,2,0,8,2,0,290000
1211,11218,SawyerW,6,5,1992,0,1055,1845,2,1,8,2,0,189000
1212,12134,Gilbert,8,7,1988,427,1080,1752,2,0,8,2,0,164000
1213,9340,Edwards,4,6,1941,344,672,672,1,0,4,1,0,113000
1214,10246,Sawyer,4,9,1965,648,960,960,0,0,3,1,0,145000
1215,10205,NAmes,5,5,1962,784,999,999,1,0,6,1,0,134500
1216,7094,Sawyer,5,5,1966,180,894,894,1,0,5,1,0,125000
1217,8930,Sawyer,6,5,1978,0,1318,1902,2,0,8,2,0,112000
1218,8640,Somerst,8,5,2009,936,1314,1314,2,0,6,2,0,229456
1219,6240,BrkSide,4,5,1947,0,672,912,1,0,3,0,0,80500
1220,1680,BrDale,6,5,1971,0,672,1218,1,1,7,0,0,91500
1221,7800,NAmes,5,5,1964,312,912,912,1,0,5,1,0,115000
1222,8250,Sawyer,5,5,1968,250,1211,1211,1,0,5,1,0,134000
1223,10496,NAmes,6,6,1949,196,1168,1846,2,0,7,1,0,143000
1224,10680,NAmes,5,3,1951,756,2136,2136,2,0,7,2,0,137900
1225,15384,Gilbert,7,5,2004,724,788,1490,2,1,8,2,0,184000
1226,10482,NAmes,6,8,1958,507,1138,1138,1,0,6,1,0,145000
1227,14598,Somerst,6,5,2007,0,894,1933,2,1,9,3,0,214000
1228,8872,NAmes,5,8,1965,595,912,912,1,0,5,2,0,147000
1229,8769,NridgHt,9,5,2008,1540,1702,1702,1,1,7,3,0,367294
1230,7910,NAmes,5,5,1960,666,1507,1507,2,0,7,1,0,127000
1231,18890,Sawyer,5,5,1977,498,1361,2620,2,2,12,2,0,190000
1232,7728,NAmes,5,6,1962,803,1190,1190,1,0,6,2,0,132500
1233,9842,NAmes,4,5,1962,0,1224,1224,2,0,6,2,0,101800
1234,12160,NAmes,5,5,1959,1000,1188,1188,1,0,6,2,0,142000
1235,8525,SWISU,5,6,1911,0,1024,1964,1,1,7,0,0,130000
1236,13132,Crawfor,5,5,1914,0,892,1784,1,1,9,1,0,138887
1237,2628,NridgHt,7,5,2003,0,764,1626,2,1,6,2,0,175500
1238,12393,CollgCr,7,5,2004,0,847,1948,2,1,8,2,0,195000
1239,13072,SawyerW,6,5,2005,0,1141,1141,1,1,6,2,0,142500
1240,9037,Timber,8,5,2006,428,1484,1484,2,0,6,2,0,265900
1241,8158,CollgCr,7,5,2003,550,884,1768,2,1,8,2,0,224900
1242,9849,Somerst,7,6,2007,0,1689,1689,2,0,7,3,0,248328
1243,10625,NWAmes,7,6,1974,885,1173,1173,2,0,6,2,0,170000
1244,13891,NridgHt,10,5,2006,1386,2076,2076,2,1,7,3,0,465000
1245,11435,Crawfor,8,7,1929,0,792,1517,1,0,7,2,0,230000
1246,12090,NWAmes,6,7,1984,0,1140,1868,3,1,7,2,0,178000
1247,8125,Somerst,7,5,2005,0,756,1553,2,1,6,2,0,186500
1248,12328,Mitchel,6,5,1976,539,1034,1034,1,0,6,3,0,169900
1249,9600,OldTown,6,5,1917,319,1134,2058,1,1,8,2,0,129500
1250,7200,NAmes,5,7,1950,534,988,988,1,0,6,1,0,119000
1251,11160,NAmes,7,5,1968,1065,2110,2110,2,1,8,2,0,244000
1252,3136,NridgHt,7,5,2003,0,1405,1405,2,0,6,2,0,171750
1253,9858,Mitchel,5,6,1968,510,874,874,1,0,5,1,0,130000
1254,17542,Veenker,7,7,1974,125,1516,2167,2,1,9,2,0,294000
1255,6931,Edwards,7,5,2003,0,760,1656,2,1,7,2,0,165400
1256,6240,BrkSide,6,6,1931,425,959,1367,1,0,6,1,0,127500
1257,14303,NoRidge,8,5,1994,1314,1987,1987,2,0,7,2,0,301500
1258,4060,Edwards,5,8,1922,0,864,864,1,0,4,0,0,99900
1259,9587,Gilbert,7,5,2005,655,1166,1166,2,0,5,2,0,190000
1260,9750,NAmes,6,8,1969,602,1054,1054,1,1,6,2,0,151000
1261,24682,Gilbert,6,5,1999,0,892,1675,2,1,7,2,0,181000
1262,9600,NAmes,5,6,1956,504,1050,1050,1,0,5,1,0,128900
1263,11250,ClearCr,4,5,1957,0,1104,1788,1,0,8,1,0,161500
1264,13515,BrkSide,6,6,1919,0,1060,1824,1,0,8,2,0,180500
1265,4060,NAmes,6,5,1998,266,1337,1337,2,0,5,2,0,181000
1266,3735,Somerst,7,5,1999,450,713,1452,2,1,6,2,0,183900
1267,10120,OldTown,7,4,1910,0,964,1889,1,1,9,1,0,122000
1268,13214,Timber,9,5,2008,0,2018,2018,2,0,10,3,0,378500
1269,14100,Crawfor,8,9,1935,192,1968,3447,3,1,11,3,0,381000
1270,11344,NAmes,5,5,1958,460,874,1524,1,1,7,1,0,144000
1271,23595,ClearCr,7,6,1979,1258,1332,1524,0,1,4,2,0,260000
1272,9156,NWAmes,6,7,1968,0,1489,1489,2,0,7,2,0,185750
1273,13526,Sawyer,5,6,1965,560,935,935,1,0,5,1,0,137000
1274,11512,Edwards,6,7,1959,719,1357,1357,1,0,5,1,0,177000
1275,5362,Crawfor,5,6,1910,0,661,1250,2,0,8,2,0,139000
1276,11345,NAmes,5,5,1948,220,928,1920,2,0,10,2,0,137000
1277,12936,NWAmes,6,6,1972,593,735,1395,1,1,6,2,0,162000
1278,17871,NWAmes,6,5,1967,528,1724,1724,1,1,7,2,0,197900
1279,9473,CollgCr,8,5,2002,804,1128,2031,2,1,7,2,0,237000
1280,7500,IDOTRR,4,4,1920,0,698,1128,1,0,6,2,0,68400
1281,9808,CollgCr,7,5,2002,788,1573,1573,2,0,6,2,0,227000
1282,8049,Timber,7,5,1990,1053,1339,1339,2,0,6,2,0,180000
1283,8800,CollgCr,5,7,1977,532,1040,1040,2,0,5,2,0,150500
1284,9400,Mitchel,6,5,1971,0,912,1824,2,2,8,0,0,139000
1285,9638,SWISU,6,7,1919,0,1699,2447,2,0,10,1,0,169000
1286,6000,BrkSide,6,6,1939,0,825,1412,1,0,6,1,0,132500
1287,9790,NWAmes,6,5,1963,569,1328,1328,1,1,6,2,0,143000
1288,36500,ClearCr,5,5,1964,812,1582,1582,2,0,7,2,0,190000
1289,5664,StoneBr,8,5,2000,1158,1659,1659,2,0,5,2,0,278000
1290,11065,NridgHt,8,5,2006,0,1120,1970,2,1,8,3,0,281000
1291,14112,NAmes,5,7,1964,1014,1152,1152,1,0,6,2,0,180500
1292,1680,BrDale,5,7,1972,231,630,1302,2,1,6,1,0,119500
1293,6600,OldTown,5,4,1892,0,1378,2372,2,0,11,1,0,107500
1294,10140,NWAmes,7,5,1976,194,832,1664,2,1,8,2,0,162900
1295,8172,Edwards,5,7,1955,167,864,864,1,0,5,2,0,115000
1296,8400,NAmes,5,5,1968,1016,1052,1052,1,1,5,1,0,138500
1297,8700,NAmes,5,6,1963,776,1128,1128,2,0,6,2,0,155000
1298,3675,Edwards,6,5,2005,547,1072,1072,2,0,5,2,0,140000
1299,63887,Edwards,10,5,2008,5644,4692,5642,2,1,12,2,480,160000
1300,7500,NAmes,5,7,1959,340,1246,1246,1,1,6,1,0,154000
1301,10762,Gilbert,7,5,1999,694,1005,1983,2,1,9,2,0,225000
1302,7500,Crawfor,6,7,1942,547,753,1494,1,0,7,1,0,177500
1303,10120,NoRidge,8,5,1994,740,1203,2526,2,1,8,3,0,290000
1304,8688,Somerst,7,5,2005,0,1616,1616,2,0,7,3,0,232000
1305,3363,Edwards,7,5,2004,0,976,1708,2,0,7,2,0,130000
1306,13173,NridgHt,9,5,2006,1572,1652,1652,2,0,6,2,0,325000
1307,6955,NridgHt,7,5,2005,0,1368,1368,2,0,6,2,0,202500
1308,8072,CollgCr,5,5,1994,746,990,990,1,0,5,2,0,138000
1309,12000,OldTown,5,7,1948,144,1122,1122,1,0,6,2,0,147000
1310,7153,SawyerW,6,5,1991,1200,1294,1294,2,0,6,2,0,179200
1311,17500,Crawfor,7,8,1959,1406,1902,1902,2,0,7,2,0,335000
1312,8814,CollgCr,7,5,2005,925,1274,1274,2,0,6,2,0,203000
1313,9572,NoRidge,8,5,1990,482,1453,2810,2,1,9,2,0,302000
1314,14774,NoRidge,9,5,1999,0,1422,2599,2,1,10,3,0,333168
1315,8190,Edwards,4,6,1954,732,948,948,1,0,5,1,0,119000
1316,11075,NAmes,6,5,1969,500,1092,2112,2,1,9,2,0,206900
1317,10226,CollgCr,8,5,2008,0,1630,1630,2,0,8,3,0,295493
1318,4230,Somerst,7,5,2006,0,1352,1352,2,0,5,2,0,208900
1319,14781,CollgCr,8,5,2001,0,1787,1787,2,0,7,3,0,275000
1320,10215,Edwards,4,5,1954,492,948,948,1,0,5,1,0,111000
1321,8400,NAmes,6,3,1957,189,1478,1478,1,1,6,2,0,156500
1322,6627,BrkSide,3,6,1949,0,720,720,1,0,4,1,0,72500
1323,10186,NoRidge,7,5,1992,674,1061,1923,2,1,8,2,0,190000
1324,5330,BrkSide,4,7,1940,280,708,708,1,0,5,0,0,82500
1325,9986,Somerst,8,5,2006,0,1795,1795,2,0,7,3,0,147000
1326,3636,IDOTRR,4,4,1922,0,796,796,1,0,5,0,0,55000
1327,4270,Edwards,3,6,1931,544,774,774,1,0,6,0,0,79000
1328,6600,Mitchel,5,9,1982,641,816,816,1,0,5,1,0,130500
1329,10440,OldTown,6,7,1920,493,1584,2792,2,0,8,2,0,256000
1330,9084,Gilbert,7,5,1998,0,955,1632,2,1,8,2,0,176500
1331,10000,Somerst,8,5,2006,0,1588,1588,2,0,7,3,0,227000
1332,10780,CollgCr,5,5,1976,483,954,954,1,0,6,2,0,132500
1333,8877,Edwards,4,6,1938,690,816,816,1,0,3,1,0,100000
1334,7200,IDOTRR,5,6,1938,0,803,1360,1,1,6,1,0,125500
1335,2368,BrDale,5,6,1970,765,765,1365,1,1,7,2,0,125000
1336,9650,NWAmes,6,5,1977,686,1334,1334,2,0,6,2,0,167900
1337,9246,NWAmes,5,5,1973,0,1656,1656,2,0,8,2,0,135000
1338,4118,OldTown,4,4,1941,0,693,693,1,0,4,0,0,52500
1339,13450,CollgCr,7,5,2002,700,920,1861,2,1,8,2,0,200000
1340,9560,CollgCr,5,7,1972,360,864,864,1,0,5,1,0,128500
1341,8294,NAmes,4,5,1971,0,872,872,1,0,5,4,0,123000
1342,13695,SawyerW,6,5,2003,814,1114,1114,1,0,6,2,0,155000
1343,9375,CollgCr,8,5,2002,0,1284,2169,2,1,7,2,0,228500
1344,7558,Crawfor,6,6,1928,0,1172,1913,1,1,9,2,0,177000
1345,11103,CollgCr,7,5,2006,0,728,1456,2,1,8,2,0,155835
1346,6000,OldTown,4,4,1920,250,960,960,1,0,5,1,0,108500
1347,20781,NWAmes,7,7,1968,297,2156,2156,2,0,9,2,0,262500
1348,15306,Timber,8,5,2006,80,1776,1776,2,0,7,3,0,283463
1349,16196,SawyerW,7,5,1998,1443,1494,1494,2,0,5,2,0,215000
1350,5250,OldTown,8,5,1872,259,938,2358,2,0,8,0,0,122000
1351,11643,NAmes,5,5,1969,500,1338,2634,2,2,12,4,0,200000
1352,9247,NAmes,6,6,1962,319,858,1716,1,1,8,2,0,171000
1353,6000,BrkSide,6,9,1937,0,786,1176,1,0,4,2,0,134900
1354,14720,NoRidge,8,5,1995,816,2053,3238,2,1,9,3,0,410000
1355,10316,CollgCr,7,5,2000,735,992,1865,2,1,7,3,0,235000
1356,10192,NWAmes,7,6,1968,0,1222,1920,3,0,8,2,0,170000
1357,9477,NAmes,5,5,1966,340,892,892,1,0,5,1,0,110000
1358,12537,NAmes,5,6,1971,734,1078,1078,1,1,6,2,0,149900
1359,2117,Somerst,6,5,2000,378,769,1573,2,1,5,2,0,177500
1360,16737,NridgHt,9,5,2004,1447,1980,1980,2,0,8,3,0,315000
1361,9842,SWISU,5,6,1921,0,990,2601,3,1,8,2,0,189000
1362,16158,StoneBr,7,5,2005,1274,1530,1530,2,0,7,2,0,260000
1363,12513,NAmes,4,4,1920,0,1281,1738,2,0,7,1,0,104900
1364,8499,Gilbert,6,5,2006,0,616,1412,2,1,6,2,0,156932
1365,3180,Somerst,7,5,2005,0,520,1200,2,1,4,2,0,144152
1366,7500,Somerst,7,5,2000,533,814,1674,2,1,7,2,0,216000
1367,9179,CollgCr,7,5,1999,633,882,1790,2,1,7,2,0,193000
1368,2665,MeadowV,5,6,1977,548,925,1475,2,0,6,1,0,127000
1369,4435,CollgCr,6,5,2003,685,848,848,1,0,4,2,0,144000
1370,10635,CollgCr,8,5,2003,370,1668,1668,2,0,8,2,0,232000
1371,5400,OldTown,4,6,1920,315,840,1374,1,0,6,1,0,105000
1372,9600,NAmes,6,6,1955,831,1661,1661,1,0,8,1,0,165500
1373,9750,CollgCr,7,6,1998,975,1108,2097,2,1,8,2,0,274300
1374,11400,NoRidge,10,5,2001,1282,2633,2633,2,1,8,3,0,466500
1375,10625,Somerst,7,5,2005,0,1026,1958,2,1,9,3,0,250000
1376,10991,Timber,8,5,2007,0,1571,1571,2,0,7,3,0,239000
1377,6292,SWISU,6,5,1930,384,790,790,1,0,4,1,0,91000
1378,10998,Edwards,5,5,1941,408,984,1604,2,0,6,2,0,117000
1379,1953,BrDale,6,5,1973,309,483,987,1,1,5,1,0,83000
1380,9735,Timber,5,5,2006,0,754,1394,2,1,7,2,0,167500
1381,8212,Edwards,3,3,1914,203,864,864,1,0,5,1,0,58500
1382,12925,NAmes,6,7,1970,865,2117,2117,2,1,7,2,0,237500
1383,7200,OldTown,7,7,1920,0,998,1762,1,1,8,2,0,157000
1384,25339,Sawyer,5,7,1918,0,1416,1416,2,0,7,2,0,112000
1385,9060,Edwards,6,5,1939,204,698,1258,1,0,6,1,0,105000
1386,5436,IDOTRR,4,8,1922,735,796,1154,1,0,7,1,0,125500
1387,16692,NWAmes,7,5,1978,790,1392,2784,3,1,12,2,519,250000
1388,8520,OldTown,6,7,1916,168,1664,2526,2,0,10,1,0,136000
1389,14892,Gilbert,9,5,2006,1320,1746,1746,2,0,7,3,0,377500
1390,6000,BrkSide,6,6,1941,375,869,1218,1,0,6,2,0,131000
1391,9100,CollgCr,7,5,2000,1400,1525,1525,2,0,6,2,0,235000
1392,8944,NAmes,5,5,1967,0,1584,1584,2,0,8,3,0,124000
1393,7838,NAmes,5,5,1967,769,900,900,1,0,6,1,0,123000
1394,10800,OldTown,6,7,1905,0,1221,1912,2,0,7,2,0,163000
1395,4045,Blmngtn,7,5,2006,1070,1500,1500,2,0,6,3,0,246578
1396,12665,Timber,8,5,2005,0,1133,2482,2,1,9,3,0,281213
1397,57200,Timber,5,5,1948,353,1687,1687,1,0,7,2,0,160000
1398,6120,BrkSide,5,8,1920,0,939,1513,1,1,8,1,0,137500
1399,7200,NAmes,5,4,1950,180,1136,1904,1,1,7,1,0,138000
1400,6171,SWISU,6,6,1925,264,1160,1608,2,1,7,1,0,137450
1401,6000,BrkSide,6,7,1929,0,950,1158,1,0,5,1,0,120000
1402,7415,Gilbert,6,5,2004,759,864,1593,2,1,8,2,0,193000
1403,6762,CollgCr,7,5,2006,0,1294,1294,2,0,6,2,0,193879
1404,15256,Somerst,8,5,2007,929,1464,1464,2,0,6,3,0,282922
1405,10410,OldTown,3,4,1915,0,694,1214,1,0,6,3,0,105000
1406,3842,Crawfor,8,5,2004,1373,1646,1646,2,0,5,2,0,275000
1407,8445,CollgCr,5,7,1972,656,768,768,1,0,5,2,0,133000
1408,8780,Mitchel,5,5,1985,625,833,833,1,0,5,0,0,112000
1409,7740,OldTown,4,7,1910,0,741,1363,1,0,6,2,0,125500
1410,20544,NWAmes,7,6,1986,0,1236,2093,2,1,7,2,0,215000
1411,12420,CollgCr,7,5,2001,666,944,1840,2,1,6,2,0,230000
1412,9600,NAmes,6,8,1950,120,1112,1668,1,1,6,1,0,140000
1413,7200,NAmes,4,5,1949,0,1040,1040,2,0,6,2,0,90000
1414,10994,SawyerW,8,5,2005,976,1844,1844,2,0,7,2,0,257000
1415,13053,BrkSide,6,7,1923,0,1053,1848,1,1,8,2,0,207000
1416,3635,Blmngtn,7,5,2007,988,1569,1569,2,0,7,3,0,175900
1417,11340,OldTown,4,6,1885,0,1246,2290,2,0,11,2,0,122500
1418,16545,NoRidge,8,5,1998,781,1310,2450,2,1,7,3,0,340000
1419,9204,NAmes,5,5,1963,25,1144,1144,1,1,6,1,0,124000
1420,16381,Crawfor,6,5,1969,1110,1844,1844,2,0,7,2,0,223000
1421,11700,NWAmes,6,6,1968,404,708,1416,2,1,7,2,0,179900
1422,4043,NPkVill,6,5,1977,360,1069,1069,2,0,4,2,0,127500
1423,4435,CollgCr,6,5,2003,686,848,848,1,0,3,2,0,136500
1424,19690,Edwards,6,7,1966,0,1575,2201,2,0,8,2,738,274970
1425,9503,NAmes,5,5,1958,457,1344,1344,1,0,6,1,0,144000
1426,10721,NAmes,6,6,1959,0,1252,1252,1,0,7,2,0,142000
1427,10944,NoRidge,7,5,1994,1000,1223,2127,2,1,5,2,0,271000
1428,10930,NAmes,5,6,1945,580,1048,1558,1,1,6,1,0,140000
1429,7200,OldTown,5,7,1940,510,804,804,1,0,4,1,0,119000
1430,12546,NWAmes,6,7,1981,678,1440,1440,2,0,7,2,0,182900
1431,21930,Gilbert,5,5,2005,0,734,1838,2,1,7,2,0,192140
1432,4928,NPkVill,6,6,1976,958,958,958,2,0,5,2,0,143750
1433,10800,OldTown,4,6,1927,0,968,968,2,0,5,1,0,64500
1434,10261,Gilbert,6,5,2000,0,962,1792,2,1,8,2,0,186500
1435,17400,Mitchel,5,5,1977,936,1126,1126,2,0,5,2,0,160000
1436,8400,NAmes,6,9,1962,0,1537,1537,1,1,7,2,0,174000
1437,9000,NAmes,4,6,1971,616,864,864,1,0,5,2,0,120500
1438,12444,NridgHt,8,5,2008,1336,1932,1932,2,0,7,3,0,394617
1439,7407,OldTown,6,7,1957,600,1236,1236,1,0,6,2,0,149700
1440,11584,NWAmes,7,6,1979,315,1040,1725,2,1,6,2,0,197000
1441,11526,Crawfor,6,7,1922,0,1423,2555,2,0,11,2,0,191000
1442,4426,CollgCr,6,5,2004,697,848,848,1,0,3,2,0,149300
1443,11003,Somerst,10,5,2008,765,1026,2007,2,1,10,3,0,310000
1444,8854,BrkSide,6,6,1916,0,952,952,1,0,4,1,0,121000
1445,8500,CollgCr,7,5,2004,0,1422,1422,2,0,7,2,0,179600
1446,8400,Sawyer,6,5,1966,187,913,913,1,0,6,1,0,129000
1447,26142,Mitchel,5,7,1962,593,1188,1188,1,0,6,1,0,157900
1448,10000,CollgCr,8,5,1995,1079,1220,2090,2,1,8,2,0,240000
1449,11767,Edwards,4,7,1910,0,796,1346,1,1,6,1,0,112000
1450,1533,MeadowV,5,7,1970,553,630,630,1,0,3,0,0,92000
1451,9000,NAmes,5,5,1974,0,896,1792,2,2,8,0,0,136000
1452,9262,Somerst,8,5,2008,0,1578,1578,2,0,7,3,0,287090
1453,3675,Edwards,5,5,2005,547,1072,1072,1,0,5,2,0,145000
1454,17217,Mitchel,5,5,2006,0,1140,1140,1,0,6,0,0,84500
1455,7500,Somerst,7,5,2004,410,1221,1221,2,0,6,2,0,185000
1456,7917,Gilbert,6,5,1999,0,953,1647,2,1,7,2,0,175000
1457,13175,NWAmes,6,6,1978,790,2073,2073,2,0,7,2,0,210000
1458,9042,Crawfor,7,9,1941,275,1188,2340,2,0,9,1,0,266500
1459,9717,NAmes,5,6,1950,49,1078,1078,1,0,5,1,0,142125
1460,9937,Edwards,5,6,1965,830,1256,1256,1,1,6,1,0,147500
